post_a,title_a,post_b,title_b,tag_title_similarity,same_category
beneficios-productos-promocionales-ecuador-guia-completa,Guía Completa: Beneficios de Productos Promocionales Ecuador [2025],productos-promocionales-por-mayor-mayoreo-guia-completa,Guía Completa: Productos Promocionales Por Mayor (Y Por Mayoreo) [2025],0.58,true
productos-promocionales-ecuador,Guía Completa de Productos Promocionales en Ecuador,beneficios-productos-promocionales-ecuador-guia-completa,Guía Completa: Beneficios de Productos Promocionales Ecuador [2025],0.56,false
beneficios-productos-promocionales-ecuador-guia-completa,Guía Completa: Beneficios de Productos Promocionales Ecuador [2025],productos-promocionales-baratos-guia-completa,Guía Completa: Productos Promocionales Baratos [2025],0.55,true
top-10-regalos-corporativos-tecnologicos-2026,Top 10 Regalos Corporativos Tecnológicos para 2026 (con precios),mejores-regalos-corporativos-para-empresas-ecuador-2026,Los Mejores Regalos Corporativos para Empresas en Ecuador 2026,0.50,false
mejores-regalos-corporativos-para-empresas-ecuador-2026,Los Mejores Regalos Corporativos para Empresas en Ecuador 2026,articulos-promocionales-ecologicos-para-empresas-ecuador,Artículos Promocionales Ecológicos para Empresas en Ecuador: Guía ESG 2026,0.47,false
articulos-promocionales-para-empresas-que-funcionan,Artículos Promocionales para Empresas que Funcionan Actualmente: La Guía Definitiva Basada en Neurociencia y Resultados Reales (2026),articulos-promocionales-ecologicos-para-empresas-ecuador,Artículos Promocionales Ecológicos para Empresas en Ecuador: Guía ESG 2026,0.43,false
top-10-regalos-corporativos-tecnologicos-2026,Top 10 Regalos Corporativos Tecnológicos para 2026 (con precios),articulos-promocionales-ecologicos-para-empresas-ecuador,Artículos Promocionales Ecológicos para Empresas en Ecuador: Guía ESG 2026,0.43,false
guia-definitiva-merchandising-empresas-ecuador,Guía Definitiva: Cómo Elegir Merchandising para Empresas en Ecuador [2026],articulos-promocionales-ecologicos-para-empresas-ecuador,Artículos Promocionales Ecológicos para Empresas en Ecuador: Guía ESG 2026,0.43,false
productos-promocionales-baratos-guia-completa,Guía Completa: Productos Promocionales Baratos [2025],productos-promocionales-por-mayor-mayoreo-guia-completa,Guía Completa: Productos Promocionales Por Mayor (Y Por Mayoreo) [2025],0.43,true
guia-definitiva-merchandising-empresas-ecuador,Guía Definitiva: Cómo Elegir Merchandising para Empresas en Ecuador [2026],mejores-regalos-corporativos-para-empresas-ecuador-2026,Los Mejores Regalos Corporativos para Empresas en Ecuador 2026,0.42,false
productos-promocionales-ecuador,Guía Completa de Productos Promocionales en Ecuador,productos-promocionales-por-mayor-mayoreo-guia-completa,Guía Completa: Productos Promocionales Por Mayor (Y Por Mayoreo) [2025],0.42,false
beneficios-productos-promocionales-ecuador-guia-completa,Guía Completa: Beneficios de Productos Promocionales Ecuador [2025],productos-promocionales-navidenos-guia-completa,Guía Completa: Productos Promocionales Navideños [2025],0.40,false
top-10-regalos-corporativos-tecnologicos-2026,Top 10 Regalos Corporativos Tecnológicos para 2026 (con precios),guia-definitiva-merchandising-empresas-ecuador,Guía Definitiva: Cómo Elegir Merchandising para Empresas en Ecuador [2026],0.39,false
boligrafos-personalizados-la-mejor-inversion-publicitaria-en-ecuador,Bolígrafos Personalizados: La Mejor Inversión Publicitaria en Ecuador,boligrafos-promocionales-personalizados-guia-empresas-ecuador,Bolígrafos Promocionales Personalizados: Guía Completa para Empresas en Ecuador,0.39,false
llaveros-promocionales-cual-es-la-mejor-opcion-para-tu-presupuesto,Llaveros Promocionales: ¿Cuál es la Mejor Opción para tu Presupuesto?,mejores-regalos-corporativos-para-empresas-ecuador-2026,Los Mejores Regalos Corporativos para Empresas en Ecuador 2026,0.39,false
solucion-antiestres-bolas-neon-promocionales-para-empresas-en-ecuador,¡Solución antiestrés! Bolas Neón promocionales para empresas en Ecuador,listos-para-carnaval-2026-impulsa-tu-marca-con-productos-promocionales,¿Listos para Carnaval 2026? ¡Impulsa tu Marca con Productos Promocionales!,0.38,true
productos-promocionales-baratos-guia-completa,Guía Completa: Productos Promocionales Baratos [2025],productos-promocionales-navidenos-guia-completa,Guía Completa: Productos Promocionales Navideños [2025],0.38,false
enamora-a-tus-clientes-regalos-corporativos-unicos-para-amor-y-amistad,¡Enamora a tus Clientes! Regalos Corporativos ÚNICOS para Amor y Amistad,mejores-regalos-corporativos-para-empresas-ecuador-2026,Los Mejores Regalos Corporativos para Empresas en Ecuador 2026,0.37,false
boligrafos-promocionales-personalizados-guia-empresas-ecuador,Bolígrafos Promocionales Personalizados: Guía Completa para Empresas en Ecuador,articulos-promocionales-ecologicos-para-empresas-ecuador,Artículos Promocionales Ecológicos para Empresas en Ecuador: Guía ESG 2026,0.37,false
articulos-promocionales-para-empresas-que-funcionan,Artículos Promocionales para Empresas que Funcionan Actualmente: La Guía Definitiva Basada en Neurociencia y Resultados Reales (2026),mejores-regalos-corporativos-para-empresas-ecuador-2026,Los Mejores Regalos Corporativos para Empresas en Ecuador 2026,0.36,false
top-10-regalos-corporativos-tecnologicos-2026,Top 10 Regalos Corporativos Tecnológicos para 2026 (con precios),llaveros-promocionales-cual-es-la-mejor-opcion-para-tu-presupuesto,Llaveros Promocionales: ¿Cuál es la Mejor Opción para tu Presupuesto?,0.36,false
guia-definitiva-merchandising-empresas-ecuador,Guía Definitiva: Cómo Elegir Merchandising para Empresas en Ecuador [2026],llaveros-promocionales-cual-es-la-mejor-opcion-para-tu-presupuesto,Llaveros Promocionales: ¿Cuál es la Mejor Opción para tu Presupuesto?,0.36,false
guia-definitiva-merchandising-empresas-ecuador,Guía Definitiva: Cómo Elegir Merchandising para Empresas en Ecuador [2026],cucharas-y-tenedores-que-protegen-descubre-el-set-de-cubiertos-antibacterianos-para-empresas-en-ecuador,¿Cucharas y Tenedores que Protegen? Descubre el Set de Cubiertos Antibacterianos para Empresas en Ecuador,0.36,false
productos-promocionales-ecuador,Guía Completa de Productos Promocionales en Ecuador,productos-promocionales-baratos-guia-completa,Guía Completa: Productos Promocionales Baratos [2025],0.36,false
regalos-corporativos-fin-ano-ecuador,Regalos Corporativos de Fin de Año: Las Mejores Ideas para Ecuador,mejores-regalos-corporativos-para-empresas-ecuador-2026,Los Mejores Regalos Corporativos para Empresas en Ecuador 2026,0.36,false
articulos-promocionales-para-empresas-que-funcionan,Artículos Promocionales para Empresas que Funcionan Actualmente: La Guía Definitiva Basada en Neurociencia y Resultados Reales (2026),top-10-regalos-corporativos-tecnologicos-2026,Top 10 Regalos Corporativos Tecnológicos para 2026 (con precios),0.35,false
articulos-promocionales-para-empresas-que-funcionan,Artículos Promocionales para Empresas que Funcionan Actualmente: La Guía Definitiva Basada en Neurociencia y Resultados Reales (2026),guia-definitiva-merchandising-empresas-ecuador,Guía Definitiva: Cómo Elegir Merchandising para Empresas en Ecuador [2026],0.35,true
solucion-antiestres-bolas-neon-promocionales-para-empresas-en-ecuador,¡Solución antiestrés! Bolas Neón promocionales para empresas en Ecuador,boligrafos-personalizados-la-mejor-inversion-publicitaria-en-ecuador,Bolígrafos Personalizados: La Mejor Inversión Publicitaria en Ecuador,0.35,true
mejores-regalos-corporativos-para-empresas-ecuador-2026,Los Mejores Regalos Corporativos para Empresas en Ecuador 2026,boligrafos-promocionales-personalizados-guia-empresas-ecuador,Bolígrafos Promocionales Personalizados: Guía Completa para Empresas en Ecuador,0.35,false
guia-definitiva-merchandising-empresas-ecuador,Guía Definitiva: Cómo Elegir Merchandising para Empresas en Ecuador [2026],merchandising-para-ferias-empresariales-ecuador,Merchandising para Ferias Empresariales en Ecuador: Qué Llevar y Cómo Destacar,0.33,false
guia-definitiva-merchandising-empresas-ecuador,Guía Definitiva: Cómo Elegir Merchandising para Empresas en Ecuador [2026],boligrafos-promocionales-personalizados-guia-empresas-ecuador,Bolígrafos Promocionales Personalizados: Guía Completa para Empresas en Ecuador,0.33,false
enamora-a-tus-clientes-regalos-corporativos-unicos-para-amor-y-amistad,¡Enamora a tus Clientes! Regalos Corporativos ÚNICOS para Amor y Amistad,boligrafos-personalizados-la-mejor-inversion-publicitaria-en-ecuador,Bolígrafos Personalizados: La Mejor Inversión Publicitaria en Ecuador,0.33,true
listos-para-carnaval-2026-impulsa-tu-marca-con-productos-promocionales,¿Listos para Carnaval 2026? ¡Impulsa tu Marca con Productos Promocionales!,boligrafos-personalizados-la-mejor-inversion-publicitaria-en-ecuador,Bolígrafos Personalizados: La Mejor Inversión Publicitaria en Ecuador,0.33,true
boligrafos-personalizados-la-mejor-inversion-publicitaria-en-ecuador,Bolígrafos Personalizados: La Mejor Inversión Publicitaria en Ecuador,mejores-regalos-corporativos-para-empresas-ecuador-2026,Los Mejores Regalos Corporativos para Empresas en Ecuador 2026,0.33,false
llaveros-promocionales-cual-es-la-mejor-opcion-para-tu-presupuesto,Llaveros Promocionales: ¿Cuál es la Mejor Opción para tu Presupuesto?,cucharas-y-tenedores-que-protegen-descubre-el-set-de-cubiertos-antibacterianos-para-empresas-en-ecuador,¿Cucharas y Tenedores que Protegen? Descubre el Set de Cubiertos Antibacterianos para Empresas en Ecuador,0.33,true
llaveros-promocionales-cual-es-la-mejor-opcion-para-tu-presupuesto,Llaveros Promocionales: ¿Cuál es la Mejor Opción para tu Presupuesto?,articulos-promocionales-ecologicos-para-empresas-ecuador,Artículos Promocionales Ecológicos para Empresas en Ecuador: Guía ESG 2026,0.33,false
cucharas-y-tenedores-que-protegen-descubre-el-set-de-cubiertos-antibacterianos-para-empresas-en-ecuador,¿Cucharas y Tenedores que Protegen? Descubre el Set de Cubiertos Antibacterianos para Empresas en Ecuador,articulos-promocionales-ecologicos-para-empresas-ecuador,Artículos Promocionales Ecológicos para Empresas en Ecuador: Guía ESG 2026,0.33,false
productos-promocionales-ecuador,Guía Completa de Productos Promocionales en Ecuador,10-mejores-productos-promocionales-ecuador-imprescindibles,Los 10 Mejores Productos Promocionales en Ecuador: Lista Definitiva,0.33,true
productos-promocionales-por-mayor-mayoreo-guia-completa,Guía Completa: Productos Promocionales Por Mayor (Y Por Mayoreo) [2025],productos-promocionales-navidenos-guia-completa,Guía Completa: Productos Promocionales Navideños [2025],0.33,false
solucion-antiestres-bolas-neon-promocionales-para-empresas-en-ecuador,¡Solución antiestrés! Bolas Neón promocionales para empresas en Ecuador,enamora-a-tus-clientes-regalos-corporativos-unicos-para-amor-y-amistad,¡Enamora a tus Clientes! Regalos Corporativos ÚNICOS para Amor y Amistad,0.32,true
solucion-antiestres-bolas-neon-promocionales-para-empresas-en-ecuador,¡Solución antiestrés! Bolas Neón promocionales para empresas en Ecuador,mejores-regalos-corporativos-para-empresas-ecuador-2026,Los Mejores Regalos Corporativos para Empresas en Ecuador 2026,0.32,false
enamora-a-tus-clientes-regalos-corporativos-unicos-para-amor-y-amistad,¡Enamora a tus Clientes! Regalos Corporativos ÚNICOS para Amor y Amistad,articulos-promocionales-ecologicos-para-empresas-ecuador,Artículos Promocionales Ecológicos para Empresas en Ecuador: Guía ESG 2026,0.32,false
cucharas-y-tenedores-que-protegen-descubre-el-set-de-cubiertos-antibacterianos-para-empresas-en-ecuador,¿Cucharas y Tenedores que Protegen? Descubre el Set de Cubiertos Antibacterianos para Empresas en Ecuador,mejores-regalos-corporativos-para-empresas-ecuador-2026,Los Mejores Regalos Corporativos para Empresas en Ecuador 2026,0.32,false
top-10-regalos-corporativos-tecnologicos-2026,Top 10 Regalos Corporativos Tecnológicos para 2026 (con precios),cucharas-y-tenedores-que-protegen-descubre-el-set-de-cubiertos-antibacterianos-para-empresas-en-ecuador,¿Cucharas y Tenedores que Protegen? Descubre el Set de Cubiertos Antibacterianos para Empresas en Ecuador,0.31,false
enamora-a-tus-clientes-regalos-corporativos-unicos-para-amor-y-amistad,¡Enamora a tus Clientes! Regalos Corporativos ÚNICOS para Amor y Amistad,listos-para-carnaval-2026-impulsa-tu-marca-con-productos-promocionales,¿Listos para Carnaval 2026? ¡Impulsa tu Marca con Productos Promocionales!,0.30,true
listos-para-carnaval-2026-impulsa-tu-marca-con-productos-promocionales,¿Listos para Carnaval 2026? ¡Impulsa tu Marca con Productos Promocionales!,mejores-regalos-corporativos-para-empresas-ecuador-2026,Los Mejores Regalos Corporativos para Empresas en Ecuador 2026,0.30,false
merchandising-para-ferias-empresariales-ecuador,Merchandising para Ferias Empresariales en Ecuador: Qué Llevar y Cómo Destacar,articulos-promocionales-ecologicos-para-empresas-ecuador,Artículos Promocionales Ecológicos para Empresas en Ecuador: Guía ESG 2026,0.30,false
top-10-regalos-corporativos-tecnologicos-2026,Top 10 Regalos Corporativos Tecnológicos para 2026 (con precios),cuanto-cuestan-los-articulos-promocionales-personalizados-ecuador,Cuánto Cuestan los Artículos Promocionales Personalizados en Ecuador 2026,0.29,false
guia-definitiva-merchandising-empresas-ecuador,Guía Definitiva: Cómo Elegir Merchandising para Empresas en Ecuador [2026],buscas-productos-promocionales-en-quito-encuentra-el-ideal-aqui,¿Buscas Productos Promocionales en Quito? ¡Encuentra el Ideal Aquí!,0.29,false
productos-promocionales-ecuador,Guía Completa de Productos Promocionales en Ecuador,boligrafos-promocionales-personalizados-guia-empresas-ecuador,Bolígrafos Promocionales Personalizados: Guía Completa para Empresas en Ecuador,0.29,false
10-mejores-productos-promocionales-ecuador-imprescindibles,Los 10 Mejores Productos Promocionales en Ecuador: Lista Definitiva,beneficios-productos-promocionales-ecuador-guia-completa,Guía Completa: Beneficios de Productos Promocionales Ecuador [2025],0.29,false
promocionales-antimicrobianos-la-defensa-invisible-que-impulsa-tu-marca-en-ecuador,Promocionales Antimicrobianos: La Defensa Invisible que Impulsa tu Marca en Ecuador,herramientas-mustang-promocionales-impulsa-tu-marca-con-soluciones-practicas-ecuador,Herramientas Mustang Promocionales: Impulsa tu Marca con Soluciones Prácticas (Ecuador),0.29,true
mejores-regalos-corporativos-para-empresas-ecuador-2026,Los Mejores Regalos Corporativos para Empresas en Ecuador 2026,cuanto-cuestan-los-articulos-promocionales-personalizados-ecuador,Cuánto Cuestan los Artículos Promocionales Personalizados en Ecuador 2026,0.29,false
como-elegir-promocionales-segun-tu-tipo-de-cliente-2026,"Cómo Elegir Promocionales Según Tu Tipo de Cliente: La Matriz Definitiva que Conecta Cerebro, Regalo y Ventas (Guía 2026)",articulos-promocionales-para-empresas-que-funcionan,Artículos Promocionales para Empresas que Funcionan Actualmente: La Guía Definitiva Basada en Neurociencia y Resultados Reales (2026),0.28,true
enamora-a-tus-clientes-regalos-corporativos-unicos-para-amor-y-amistad,¡Enamora a tus Clientes! Regalos Corporativos ÚNICOS para Amor y Amistad,regalos-corporativos-fin-ano-ecuador,Regalos Corporativos de Fin de Año: Las Mejores Ideas para Ecuador,0.28,false
abre-caminos-al-exito-destapador-con-iman-personalizado-el-iman-de-clientes-para-tu-marca-en-ecuador,¡Abre Caminos al Éxito! Destapador con Imán Personalizado: El Imán de Clientes para tu Marca en Ecuador,herramientas-mustang-promocionales-impulsa-tu-marca-con-soluciones-practicas-ecuador,Herramientas Mustang Promocionales: Impulsa tu Marca con Soluciones Prácticas (Ecuador),0.28,true
mejores-regalos-corporativos-para-empresas-ecuador-2026,Los Mejores Regalos Corporativos para Empresas en Ecuador 2026,merchandising-para-ferias-empresariales-ecuador,Merchandising para Ferias Empresariales en Ecuador: Qué Llevar y Cómo Destacar,0.28,false
articulos-promocionales-para-empresas-que-funcionan,Artículos Promocionales para Empresas que Funcionan Actualmente: La Guía Definitiva Basada en Neurociencia y Resultados Reales (2026),llaveros-promocionales-cual-es-la-mejor-opcion-para-tu-presupuesto,Llaveros Promocionales: ¿Cuál es la Mejor Opción para tu Presupuesto?,0.27,false
top-10-regalos-corporativos-tecnologicos-2026,Top 10 Regalos Corporativos Tecnológicos para 2026 (con precios),boligrafos-promocionales-personalizados-guia-empresas-ecuador,Bolígrafos Promocionales Personalizados: Guía Completa para Empresas en Ecuador,0.27,false
guia-definitiva-merchandising-empresas-ecuador,Guía Definitiva: Cómo Elegir Merchandising para Empresas en Ecuador [2026],cuellos-multifuncionales-personalizados-la-estrategia-publicitaria-imbatible-para-tu-negocio-en-ecuador,Cuellos Multifuncionales Personalizados: La Estrategia Publicitaria Imbatible para tu Negocio en Ecuador,0.27,false
solucion-antiestres-bolas-neon-promocionales-para-empresas-en-ecuador,¡Solución antiestrés! Bolas Neón promocionales para empresas en Ecuador,articulos-promocionales-ecologicos-para-empresas-ecuador,Artículos Promocionales Ecológicos para Empresas en Ecuador: Guía ESG 2026,0.27,false
buscas-productos-promocionales-en-quito-encuentra-el-ideal-aqui,¿Buscas Productos Promocionales en Quito? ¡Encuentra el Ideal Aquí!,productos-promocionales-navidenos-guia-completa,Guía Completa: Productos Promocionales Navideños [2025],0.27,false
productos-promocionales-ecuador,Guía Completa de Productos Promocionales en Ecuador,productos-promocionales-navidenos-guia-completa,Guía Completa: Productos Promocionales Navideños [2025],0.27,false
mejores-productos-promocionales-2025,Los 10 Mejores Productos Promocionales para Empresas en 2025-2026,diseno-logos-productos-promocionales,Diseño de Logos para Productos Promocionales: Guía Completa 2025,0.27,false
mejores-productos-promocionales-2025,Los 10 Mejores Productos Promocionales para Empresas en 2025-2026,10-mejores-productos-promocionales-ecuador-imprescindibles,Los 10 Mejores Productos Promocionales en Ecuador: Lista Definitiva,0.27,true
merchandising-eventos-corporativos-ecuador,Merchandising para Eventos Corporativos: Qué Funciona en Ecuador,merchandising-para-ferias-empresariales-ecuador,Merchandising para Ferias Empresariales en Ecuador: Qué Llevar y Cómo Destacar,0.27,true
como-elegir-promocionales-segun-tu-tipo-de-cliente-2026,"Cómo Elegir Promocionales Según Tu Tipo de Cliente: La Matriz Definitiva que Conecta Cerebro, Regalo y Ventas (Guía 2026)",guia-definitiva-merchandising-empresas-ecuador,Guía Definitiva: Cómo Elegir Merchandising para Empresas en Ecuador [2026],0.26,true
articulos-promocionales-para-empresas-que-funcionan,Artículos Promocionales para Empresas que Funcionan Actualmente: La Guía Definitiva Basada en Neurociencia y Resultados Reales (2026),enamora-a-tus-clientes-regalos-corporativos-unicos-para-amor-y-amistad,¡Enamora a tus Clientes! Regalos Corporativos ÚNICOS para Amor y Amistad,0.26,false
guia-definitiva-merchandising-empresas-ecuador,Guía Definitiva: Cómo Elegir Merchandising para Empresas en Ecuador [2026],regalos-corporativos-fin-ano-ecuador,Regalos Corporativos de Fin de Año: Las Mejores Ideas para Ecuador,0.26,false
guia-definitiva-merchandising-empresas-ecuador,Guía Definitiva: Cómo Elegir Merchandising para Empresas en Ecuador [2026],productos-promocionales-navidenos-guia-completa,Guía Completa: Productos Promocionales Navideños [2025],0.26,false
listos-para-carnaval-2026-impulsa-tu-marca-con-productos-promocionales,¿Listos para Carnaval 2026? ¡Impulsa tu Marca con Productos Promocionales!,mejores-productos-promocionales-2025,Los 10 Mejores Productos Promocionales para Empresas en 2025-2026,0.26,true
listos-para-carnaval-2026-impulsa-tu-marca-con-productos-promocionales,¿Listos para Carnaval 2026? ¡Impulsa tu Marca con Productos Promocionales!,articulos-promocionales-ecologicos-para-empresas-ecuador,Artículos Promocionales Ecológicos para Empresas en Ecuador: Guía ESG 2026,0.26,false
buscas-productos-promocionales-en-quito-encuentra-el-ideal-aqui,¿Buscas Productos Promocionales en Quito? ¡Encuentra el Ideal Aquí!,articulos-promocionales-ecologicos-para-empresas-ecuador,Artículos Promocionales Ecológicos para Empresas en Ecuador: Guía ESG 2026,0.26,false
boligrafo-flom-4-1-antibacteriano-el-regalo-promocional-que-protege-tu-marca-en-ecuador,Bolígrafo Flom 4-1 Antibacteriano: El Regalo Promocional que Protege tu Marca en Ecuador,herramientas-mustang-promocionales-impulsa-tu-marca-con-soluciones-practicas-ecuador,Herramientas Mustang Promocionales: Impulsa tu Marca con Soluciones Prácticas (Ecuador),0.26,true
10-mejores-productos-promocionales-ecuador-imprescindibles,Los 10 Mejores Productos Promocionales en Ecuador: Lista Definitiva,articulos-promocionales-ecologicos-para-empresas-ecuador,Artículos Promocionales Ecológicos para Empresas en Ecuador: Guía ESG 2026,0.26,false
guia-definitiva-merchandising-empresas-ecuador,Guía Definitiva: Cómo Elegir Merchandising para Empresas en Ecuador [2026],mejores-productos-promocionales-2025,Los 10 Mejores Productos Promocionales para Empresas en 2025-2026,0.25,false
listos-para-carnaval-2026-impulsa-tu-marca-con-productos-promocionales,¿Listos para Carnaval 2026? ¡Impulsa tu Marca con Productos Promocionales!,10-mejores-productos-promocionales-ecuador-imprescindibles,Los 10 Mejores Productos Promocionales en Ecuador: Lista Definitiva,0.25,true
buscas-productos-promocionales-en-quito-encuentra-el-ideal-aqui,¿Buscas Productos Promocionales en Quito? ¡Encuentra el Ideal Aquí!,herramientas-mustang-promocionales-impulsa-tu-marca-con-soluciones-practicas-ecuador,Herramientas Mustang Promocionales: Impulsa tu Marca con Soluciones Prácticas (Ecuador),0.25,true
boligrafo-flom-4-1-antibacteriano-el-regalo-promocional-que-protege-tu-marca-en-ecuador,Bolígrafo Flom 4-1 Antibacteriano: El Regalo Promocional que Protege tu Marca en Ecuador,mejores-regalos-corporativos-para-empresas-ecuador-2026,Los Mejores Regalos Corporativos para Empresas en Ecuador 2026,0.25,false
mejores-productos-promocionales-2025,Los 10 Mejores Productos Promocionales para Empresas en 2025-2026,mejores-regalos-corporativos-para-empresas-ecuador-2026,Los Mejores Regalos Corporativos para Empresas en Ecuador 2026,0.25,false
merchandising-eventos-corporativos-ecuador,Merchandising para Eventos Corporativos: Qué Funciona en Ecuador,regalos-corporativos-fin-ano-ecuador,Regalos Corporativos de Fin de Año: Las Mejores Ideas para Ecuador,0.25,true
articulos-promocionales-ecologicos-para-empresas-ecuador,Artículos Promocionales Ecológicos para Empresas en Ecuador: Guía ESG 2026,cuanto-cuestan-los-articulos-promocionales-personalizados-ecuador,Cuánto Cuestan los Artículos Promocionales Personalizados en Ecuador 2026,0.25,false
como-elegir-promocionales-segun-tu-tipo-de-cliente-2026,"Cómo Elegir Promocionales Según Tu Tipo de Cliente: La Matriz Definitiva que Conecta Cerebro, Regalo y Ventas (Guía 2026)",articulos-promocionales-ecologicos-para-empresas-ecuador,Artículos Promocionales Ecológicos para Empresas en Ecuador: Guía ESG 2026,0.24,false
articulos-promocionales-para-empresas-que-funcionan,Artículos Promocionales para Empresas que Funcionan Actualmente: La Guía Definitiva Basada en Neurociencia y Resultados Reales (2026),boligrafos-promocionales-personalizados-guia-empresas-ecuador,Bolígrafos Promocionales Personalizados: Guía Completa para Empresas en Ecuador,0.24,false
top-10-regalos-corporativos-tecnologicos-2026,Top 10 Regalos Corporativos Tecnológicos para 2026 (con precios),enamora-a-tus-clientes-regalos-corporativos-unicos-para-amor-y-amistad,¡Enamora a tus Clientes! Regalos Corporativos ÚNICOS para Amor y Amistad,0.24,false
top-10-regalos-corporativos-tecnologicos-2026,Top 10 Regalos Corporativos Tecnológicos para 2026 (con precios),buscas-productos-promocionales-en-quito-encuentra-el-ideal-aqui,¿Buscas Productos Promocionales en Quito? ¡Encuentra el Ideal Aquí!,0.24,false
guia-definitiva-merchandising-empresas-ecuador,Guía Definitiva: Cómo Elegir Merchandising para Empresas en Ecuador [2026],enamora-a-tus-clientes-regalos-corporativos-unicos-para-amor-y-amistad,¡Enamora a tus Clientes! Regalos Corporativos ÚNICOS para Amor y Amistad,0.24,false
guia-definitiva-merchandising-empresas-ecuador,Guía Definitiva: Cómo Elegir Merchandising para Empresas en Ecuador [2026],listos-para-carnaval-2026-impulsa-tu-marca-con-productos-promocionales,¿Listos para Carnaval 2026? ¡Impulsa tu Marca con Productos Promocionales!,0.24,false
guia-definitiva-merchandising-empresas-ecuador,Guía Definitiva: Cómo Elegir Merchandising para Empresas en Ecuador [2026],10-mejores-productos-promocionales-ecuador-imprescindibles,Los 10 Mejores Productos Promocionales en Ecuador: Lista Definitiva,0.24,false
solucion-antiestres-bolas-neon-promocionales-para-empresas-en-ecuador,¡Solución antiestrés! Bolas Neón promocionales para empresas en Ecuador,boligrafos-promocionales-personalizados-guia-empresas-ecuador,Bolígrafos Promocionales Personalizados: Guía Completa para Empresas en Ecuador,0.24,false
listos-para-carnaval-2026-impulsa-tu-marca-con-productos-promocionales,¿Listos para Carnaval 2026? ¡Impulsa tu Marca con Productos Promocionales!,productos-promocionales-ecuador,Guía Completa de Productos Promocionales en Ecuador,0.24,true
llaveros-promocionales-cual-es-la-mejor-opcion-para-tu-presupuesto,Llaveros Promocionales: ¿Cuál es la Mejor Opción para tu Presupuesto?,cuellos-multifuncionales-personalizados-la-estrategia-publicitaria-imbatible-para-tu-negocio-en-ecuador,Cuellos Multifuncionales Personalizados: La Estrategia Publicitaria Imbatible para tu Negocio en Ecuador,0.24,true
llaveros-promocionales-cual-es-la-mejor-opcion-para-tu-presupuesto,Llaveros Promocionales: ¿Cuál es la Mejor Opción para tu Presupuesto?,boligrafos-promocionales-personalizados-guia-empresas-ecuador,Bolígrafos Promocionales Personalizados: Guía Completa para Empresas en Ecuador,0.24,false
buscas-productos-promocionales-en-quito-encuentra-el-ideal-aqui,¿Buscas Productos Promocionales en Quito? ¡Encuentra el Ideal Aquí!,productos-promocionales-ecuador,Guía Completa de Productos Promocionales en Ecuador,0.24,true
buscas-productos-promocionales-en-quito-encuentra-el-ideal-aqui,¿Buscas Productos Promocionales en Quito? ¡Encuentra el Ideal Aquí!,mejores-regalos-corporativos-para-empresas-ecuador-2026,Los Mejores Regalos Corporativos para Empresas en Ecuador 2026,0.24,false
boligrafo-flom-4-1-antibacteriano-el-regalo-promocional-que-protege-tu-marca-en-ecuador,Bolígrafo Flom 4-1 Antibacteriano: El Regalo Promocional que Protege tu Marca en Ecuador,abre-caminos-al-exito-destapador-con-iman-personalizado-el-iman-de-clientes-para-tu-marca-en-ecuador,¡Abre Caminos al Éxito! Destapador con Imán Personalizado: El Imán de Clientes para tu Marca en Ecuador,0.24,true
10-mejores-productos-promocionales-ecuador-imprescindibles,Los 10 Mejores Productos Promocionales en Ecuador: Lista Definitiva,productos-promocionales-por-mayor-mayoreo-guia-completa,Guía Completa: Productos Promocionales Por Mayor (Y Por Mayoreo) [2025],0.24,false
herramientas-mustang-promocionales-impulsa-tu-marca-con-soluciones-practicas-ecuador,Herramientas Mustang Promocionales: Impulsa tu Marca con Soluciones Prácticas (Ecuador),mejores-regalos-corporativos-para-empresas-ecuador-2026,Los Mejores Regalos Corporativos para Empresas en Ecuador 2026,0.24,false
como-elegir-promocionales-segun-tu-tipo-de-cliente-2026,"Cómo Elegir Promocionales Según Tu Tipo de Cliente: La Matriz Definitiva que Conecta Cerebro, Regalo y Ventas (Guía 2026)",top-10-regalos-corporativos-tecnologicos-2026,Top 10 Regalos Corporativos Tecnológicos para 2026 (con precios),0.23,false
como-elegir-promocionales-segun-tu-tipo-de-cliente-2026,"Cómo Elegir Promocionales Según Tu Tipo de Cliente: La Matriz Definitiva que Conecta Cerebro, Regalo y Ventas (Guía 2026)",mejores-regalos-corporativos-para-empresas-ecuador-2026,Los Mejores Regalos Corporativos para Empresas en Ecuador 2026,0.23,false
articulos-promocionales-para-empresas-que-funcionan,Artículos Promocionales para Empresas que Funcionan Actualmente: La Guía Definitiva Basada en Neurociencia y Resultados Reales (2026),cucharas-y-tenedores-que-protegen-descubre-el-set-de-cubiertos-antibacterianos-para-empresas-en-ecuador,¿Cucharas y Tenedores que Protegen? Descubre el Set de Cubiertos Antibacterianos para Empresas en Ecuador,0.23,false
guia-definitiva-merchandising-empresas-ecuador,Guía Definitiva: Cómo Elegir Merchandising para Empresas en Ecuador [2026],cuanto-cuestan-los-articulos-promocionales-personalizados-ecuador,Cuánto Cuestan los Artículos Promocionales Personalizados en Ecuador 2026,0.23,false
listos-para-carnaval-2026-impulsa-tu-marca-con-productos-promocionales,¿Listos para Carnaval 2026? ¡Impulsa tu Marca con Productos Promocionales!,boligrafos-promocionales-personalizados-guia-empresas-ecuador,Bolígrafos Promocionales Personalizados: Guía Completa para Empresas en Ecuador,0.23,false
boligrafos-personalizados-la-mejor-inversion-publicitaria-en-ecuador,Bolígrafos Personalizados: La Mejor Inversión Publicitaria en Ecuador,llaveros-promocionales-cual-es-la-mejor-opcion-para-tu-presupuesto,Llaveros Promocionales: ¿Cuál es la Mejor Opción para tu Presupuesto?,0.23,true
boligrafos-personalizados-la-mejor-inversion-publicitaria-en-ecuador,Bolígrafos Personalizados: La Mejor Inversión Publicitaria en Ecuador,articulos-promocionales-ecologicos-para-empresas-ecuador,Artículos Promocionales Ecológicos para Empresas en Ecuador: Guía ESG 2026,0.23,false
cucharas-y-tenedores-que-protegen-descubre-el-set-de-cubiertos-antibacterianos-para-empresas-en-ecuador,¿Cucharas y Tenedores que Protegen? Descubre el Set de Cubiertos Antibacterianos para Empresas en Ecuador,mejores-productos-promocionales-2025,Los 10 Mejores Productos Promocionales para Empresas en 2025-2026,0.23,true
productos-promocionales-ecuador,Guía Completa de Productos Promocionales en Ecuador,diseno-logos-productos-promocionales,Diseño de Logos para Productos Promocionales: Guía Completa 2025,0.23,false
productos-promocionales-navidenos-guia-completa,Guía Completa: Productos Promocionales Navideños [2025],articulos-promocionales-ecologicos-para-empresas-ecuador,Artículos Promocionales Ecológicos para Empresas en Ecuador: Guía ESG 2026,0.23,false
articulos-promocionales-para-empresas-que-funcionan,Artículos Promocionales para Empresas que Funcionan Actualmente: La Guía Definitiva Basada en Neurociencia y Resultados Reales (2026),solucion-antiestres-bolas-neon-promocionales-para-empresas-en-ecuador,¡Solución antiestrés! Bolas Neón promocionales para empresas en Ecuador,0.22,false
top-10-regalos-corporativos-tecnologicos-2026,Top 10 Regalos Corporativos Tecnológicos para 2026 (con precios),cuellos-multifuncionales-personalizados-la-estrategia-publicitaria-imbatible-para-tu-negocio-en-ecuador,Cuellos Multifuncionales Personalizados: La Estrategia Publicitaria Imbatible para tu Negocio en Ecuador,0.22,false
top-10-regalos-corporativos-tecnologicos-2026,Top 10 Regalos Corporativos Tecnológicos para 2026 (con precios),merchandising-para-ferias-empresariales-ecuador,Merchandising para Ferias Empresariales en Ecuador: Qué Llevar y Cómo Destacar,0.22,false
guia-definitiva-merchandising-empresas-ecuador,Guía Definitiva: Cómo Elegir Merchandising para Empresas en Ecuador [2026],productos-promocionales-ecuador,Guía Completa de Productos Promocionales en Ecuador,0.22,false
llaveros-promocionales-cual-es-la-mejor-opcion-para-tu-presupuesto,Llaveros Promocionales: ¿Cuál es la Mejor Opción para tu Presupuesto?,regalos-corporativos-fin-ano-ecuador,Regalos Corporativos de Fin de Año: Las Mejores Ideas para Ecuador,0.22,false
buscas-productos-promocionales-en-quito-encuentra-el-ideal-aqui,¿Buscas Productos Promocionales en Quito? ¡Encuentra el Ideal Aquí!,cucharas-y-tenedores-que-protegen-descubre-el-set-de-cubiertos-antibacterianos-para-empresas-en-ecuador,¿Cucharas y Tenedores que Protegen? Descubre el Set de Cubiertos Antibacterianos para Empresas en Ecuador,0.22,true
productos-promocionales-ecologicos-impulsa-tu-marca-de-forma-sostenible,¿Productos Promocionales Ecológicos? ¡Impulsa tu Marca de Forma Sostenible!,cucharas-y-tenedores-que-protegen-descubre-el-set-de-cubiertos-antibacterianos-para-empresas-en-ecuador,¿Cucharas y Tenedores que Protegen? Descubre el Set de Cubiertos Antibacterianos para Empresas en Ecuador,0.22,true
productos-promocionales-ecologicos-impulsa-tu-marca-de-forma-sostenible,¿Productos Promocionales Ecológicos? ¡Impulsa tu Marca de Forma Sostenible!,productos-promocionales-navidenos-guia-completa,Guía Completa: Productos Promocionales Navideños [2025],0.22,false
boligrafo-flom-4-1-antibacteriano-el-regalo-promocional-que-protege-tu-marca-en-ecuador,Bolígrafo Flom 4-1 Antibacteriano: El Regalo Promocional que Protege tu Marca en Ecuador,articulos-promocionales-ecologicos-para-empresas-ecuador,Artículos Promocionales Ecológicos para Empresas en Ecuador: Guía ESG 2026,0.22,false
cuellos-multifuncionales-personalizados-la-estrategia-publicitaria-imbatible-para-tu-negocio-en-ecuador,Cuellos Multifuncionales Personalizados: La Estrategia Publicitaria Imbatible para tu Negocio en Ecuador,mejores-regalos-corporativos-para-empresas-ecuador-2026,Los Mejores Regalos Corporativos para Empresas en Ecuador 2026,0.22,false
regalos-corporativos-fin-ano-ecuador,Regalos Corporativos de Fin de Año: Las Mejores Ideas para Ecuador,articulos-promocionales-ecologicos-para-empresas-ecuador,Artículos Promocionales Ecológicos para Empresas en Ecuador: Guía ESG 2026,0.22,false
10-mejores-productos-promocionales-ecuador-imprescindibles,Los 10 Mejores Productos Promocionales en Ecuador: Lista Definitiva,merchandising-para-ferias-empresariales-ecuador,Merchandising para Ferias Empresariales en Ecuador: Qué Llevar y Cómo Destacar,0.22,false
abre-caminos-al-exito-destapador-con-iman-personalizado-el-iman-de-clientes-para-tu-marca-en-ecuador,¡Abre Caminos al Éxito! Destapador con Imán Personalizado: El Imán de Clientes para tu Marca en Ecuador,mejores-regalos-corporativos-para-empresas-ecuador-2026,Los Mejores Regalos Corporativos para Empresas en Ecuador 2026,0.22,false
articulos-promocionales-para-empresas-que-funcionan,Artículos Promocionales para Empresas que Funcionan Actualmente: La Guía Definitiva Basada en Neurociencia y Resultados Reales (2026),listos-para-carnaval-2026-impulsa-tu-marca-con-productos-promocionales,¿Listos para Carnaval 2026? ¡Impulsa tu Marca con Productos Promocionales!,0.21,false
articulos-promocionales-para-empresas-que-funcionan,Artículos Promocionales para Empresas que Funcionan Actualmente: La Guía Definitiva Basada en Neurociencia y Resultados Reales (2026),buscas-productos-promocionales-en-quito-encuentra-el-ideal-aqui,¿Buscas Productos Promocionales en Quito? ¡Encuentra el Ideal Aquí!,0.21,false
articulos-promocionales-para-empresas-que-funcionan,Artículos Promocionales para Empresas que Funcionan Actualmente: La Guía Definitiva Basada en Neurociencia y Resultados Reales (2026),10-mejores-productos-promocionales-ecuador-imprescindibles,Los 10 Mejores Productos Promocionales en Ecuador: Lista Definitiva,0.21,false
top-10-regalos-corporativos-tecnologicos-2026,Top 10 Regalos Corporativos Tecnológicos para 2026 (con precios),boligrafos-personalizados-la-mejor-inversion-publicitaria-en-ecuador,Bolígrafos Personalizados: La Mejor Inversión Publicitaria en Ecuador,0.21,false
guia-definitiva-merchandising-empresas-ecuador,Guía Definitiva: Cómo Elegir Merchandising para Empresas en Ecuador [2026],boligrafos-personalizados-la-mejor-inversion-publicitaria-en-ecuador,Bolígrafos Personalizados: La Mejor Inversión Publicitaria en Ecuador,0.21,false
guia-definitiva-merchandising-empresas-ecuador,Guía Definitiva: Cómo Elegir Merchandising para Empresas en Ecuador [2026],merchandising-eventos-corporativos-ecuador,Merchandising para Eventos Corporativos: Qué Funciona en Ecuador,0.21,false
solucion-antiestres-bolas-neon-promocionales-para-empresas-en-ecuador,¡Solución antiestrés! Bolas Neón promocionales para empresas en Ecuador,mejores-productos-promocionales-2025,Los 10 Mejores Productos Promocionales para Empresas en 2025-2026,0.21,true
enamora-a-tus-clientes-regalos-corporativos-unicos-para-amor-y-amistad,¡Enamora a tus Clientes! Regalos Corporativos ÚNICOS para Amor y Amistad,llaveros-promocionales-cual-es-la-mejor-opcion-para-tu-presupuesto,Llaveros Promocionales: ¿Cuál es la Mejor Opción para tu Presupuesto?,0.21,true
listos-para-carnaval-2026-impulsa-tu-marca-con-productos-promocionales,¿Listos para Carnaval 2026? ¡Impulsa tu Marca con Productos Promocionales!,beneficios-productos-promocionales-ecuador-guia-completa,Guía Completa: Beneficios de Productos Promocionales Ecuador [2025],0.21,false
llaveros-promocionales-cual-es-la-mejor-opcion-para-tu-presupuesto,Llaveros Promocionales: ¿Cuál es la Mejor Opción para tu Presupuesto?,buscas-productos-promocionales-en-quito-encuentra-el-ideal-aqui,¿Buscas Productos Promocionales en Quito? ¡Encuentra el Ideal Aquí!,0.21,true
llaveros-promocionales-cual-es-la-mejor-opcion-para-tu-presupuesto,Llaveros Promocionales: ¿Cuál es la Mejor Opción para tu Presupuesto?,mejores-productos-promocionales-2025,Los 10 Mejores Productos Promocionales para Empresas en 2025-2026,0.21,true
llaveros-promocionales-cual-es-la-mejor-opcion-para-tu-presupuesto,Llaveros Promocionales: ¿Cuál es la Mejor Opción para tu Presupuesto?,herramientas-mustang-promocionales-impulsa-tu-marca-con-soluciones-practicas-ecuador,Herramientas Mustang Promocionales: Impulsa tu Marca con Soluciones Prácticas (Ecuador),0.21,true
buscas-productos-promocionales-en-quito-encuentra-el-ideal-aqui,¿Buscas Productos Promocionales en Quito? ¡Encuentra el Ideal Aquí!,boligrafo-flom-4-1-antibacteriano-el-regalo-promocional-que-protege-tu-marca-en-ecuador,Bolígrafo Flom 4-1 Antibacteriano: El Regalo Promocional que Protege tu Marca en Ecuador,0.21,true
buscas-productos-promocionales-en-quito-encuentra-el-ideal-aqui,¿Buscas Productos Promocionales en Quito? ¡Encuentra el Ideal Aquí!,beneficios-productos-promocionales-ecuador-guia-completa,Guía Completa: Beneficios de Productos Promocionales Ecuador [2025],0.21,false
productos-promocionales-ecologicos-impulsa-tu-marca-de-forma-sostenible,¿Productos Promocionales Ecológicos? ¡Impulsa tu Marca de Forma Sostenible!,articulos-promocionales-ecologicos-para-empresas-ecuador,Artículos Promocionales Ecológicos para Empresas en Ecuador: Guía ESG 2026,0.21,false
cuellos-multifuncionales-personalizados-la-estrategia-publicitaria-imbatible-para-tu-negocio-en-ecuador,Cuellos Multifuncionales Personalizados: La Estrategia Publicitaria Imbatible para tu Negocio en Ecuador,cucharas-y-tenedores-que-protegen-descubre-el-set-de-cubiertos-antibacterianos-para-empresas-en-ecuador,¿Cucharas y Tenedores que Protegen? Descubre el Set de Cubiertos Antibacterianos para Empresas en Ecuador,0.21,true
cuellos-multifuncionales-personalizados-la-estrategia-publicitaria-imbatible-para-tu-negocio-en-ecuador,Cuellos Multifuncionales Personalizados: La Estrategia Publicitaria Imbatible para tu Negocio en Ecuador,merchandising-para-ferias-empresariales-ecuador,Merchandising para Ferias Empresariales en Ecuador: Qué Llevar y Cómo Destacar,0.21,false
cuellos-multifuncionales-personalizados-la-estrategia-publicitaria-imbatible-para-tu-negocio-en-ecuador,Cuellos Multifuncionales Personalizados: La Estrategia Publicitaria Imbatible para tu Negocio en Ecuador,boligrafos-promocionales-personalizados-guia-empresas-ecuador,Bolígrafos Promocionales Personalizados: Guía Completa para Empresas en Ecuador,0.21,false
mejores-productos-promocionales-2025,Los 10 Mejores Productos Promocionales para Empresas en 2025-2026,articulos-promocionales-ecologicos-para-empresas-ecuador,Artículos Promocionales Ecológicos para Empresas en Ecuador: Guía ESG 2026,0.21,false
regalos-corporativos-fin-ano-ecuador,Regalos Corporativos de Fin de Año: Las Mejores Ideas para Ecuador,regalos-corporativos-elegantes,Regalos Corporativos Elegantes: Cómo Impresionar a Clientes VIP en Ecuador,0.21,true
10-mejores-productos-promocionales-ecuador-imprescindibles,Los 10 Mejores Productos Promocionales en Ecuador: Lista Definitiva,productos-promocionales-navidenos-guia-completa,Guía Completa: Productos Promocionales Navideños [2025],0.21,false
promocionales-antimicrobianos-la-defensa-invisible-que-impulsa-tu-marca-en-ecuador,Promocionales Antimicrobianos: La Defensa Invisible que Impulsa tu Marca en Ecuador,abre-caminos-al-exito-destapador-con-iman-personalizado-el-iman-de-clientes-para-tu-marca-en-ecuador,¡Abre Caminos al Éxito! Destapador con Imán Personalizado: El Imán de Clientes para tu Marca en Ecuador,0.21,true
herramientas-mustang-promocionales-impulsa-tu-marca-con-soluciones-practicas-ecuador,Herramientas Mustang Promocionales: Impulsa tu Marca con Soluciones Prácticas (Ecuador),articulos-promocionales-ecologicos-para-empresas-ecuador,Artículos Promocionales Ecológicos para Empresas en Ecuador: Guía ESG 2026,0.21,false
merchandising-para-ferias-empresariales-ecuador,Merchandising para Ferias Empresariales en Ecuador: Qué Llevar y Cómo Destacar,cuanto-cuestan-los-articulos-promocionales-personalizados-ecuador,Cuánto Cuestan los Artículos Promocionales Personalizados en Ecuador 2026,0.21,false
boligrafos-promocionales-personalizados-guia-empresas-ecuador,Bolígrafos Promocionales Personalizados: Guía Completa para Empresas en Ecuador,cuanto-cuestan-los-articulos-promocionales-personalizados-ecuador,Cuánto Cuestan los Artículos Promocionales Personalizados en Ecuador 2026,0.21,true
articulos-promocionales-para-empresas-que-funcionan,Artículos Promocionales para Empresas que Funcionan Actualmente: La Guía Definitiva Basada en Neurociencia y Resultados Reales (2026),cuanto-cuestan-los-articulos-promocionales-personalizados-ecuador,Cuánto Cuestan los Artículos Promocionales Personalizados en Ecuador 2026,0.20,false
top-10-regalos-corporativos-tecnologicos-2026,Top 10 Regalos Corporativos Tecnológicos para 2026 (con precios),solucion-antiestres-bolas-neon-promocionales-para-empresas-en-ecuador,¡Solución antiestrés! Bolas Neón promocionales para empresas en Ecuador,0.20,false
top-10-regalos-corporativos-tecnologicos-2026,Top 10 Regalos Corporativos Tecnológicos para 2026 (con precios),boligrafo-flom-4-1-antibacteriano-el-regalo-promocional-que-protege-tu-marca-en-ecuador,Bolígrafo Flom 4-1 Antibacteriano: El Regalo Promocional que Protege tu Marca en Ecuador,0.20,false
top-10-regalos-corporativos-tecnologicos-2026,Top 10 Regalos Corporativos Tecnológicos para 2026 (con precios),regalos-corporativos-fin-ano-ecuador,Regalos Corporativos de Fin de Año: Las Mejores Ideas para Ecuador,0.20,false
guia-definitiva-merchandising-empresas-ecuador,Guía Definitiva: Cómo Elegir Merchandising para Empresas en Ecuador [2026],solucion-antiestres-bolas-neon-promocionales-para-empresas-en-ecuador,¡Solución antiestrés! Bolas Neón promocionales para empresas en Ecuador,0.20,false
guia-definitiva-merchandising-empresas-ecuador,Guía Definitiva: Cómo Elegir Merchandising para Empresas en Ecuador [2026],boligrafo-flom-4-1-antibacteriano-el-regalo-promocional-que-protege-tu-marca-en-ecuador,Bolígrafo Flom 4-1 Antibacteriano: El Regalo Promocional que Protege tu Marca en Ecuador,0.20,false
guia-definitiva-merchandising-empresas-ecuador,Guía Definitiva: Cómo Elegir Merchandising para Empresas en Ecuador [2026],beneficios-productos-promocionales-ecuador-guia-completa,Guía Completa: Beneficios de Productos Promocionales Ecuador [2025],0.20,true
solucion-antiestres-bolas-neon-promocionales-para-empresas-en-ecuador,¡Solución antiestrés! Bolas Neón promocionales para empresas en Ecuador,10-mejores-productos-promocionales-ecuador-imprescindibles,Los 10 Mejores Productos Promocionales en Ecuador: Lista Definitiva,0.20,true
boligrafos-personalizados-la-mejor-inversion-publicitaria-en-ecuador,Bolígrafos Personalizados: La Mejor Inversión Publicitaria en Ecuador,cuellos-multifuncionales-personalizados-la-estrategia-publicitaria-imbatible-para-tu-negocio-en-ecuador,Cuellos Multifuncionales Personalizados: La Estrategia Publicitaria Imbatible para tu Negocio en Ecuador,0.20,true
buscas-productos-promocionales-en-quito-encuentra-el-ideal-aqui,¿Buscas Productos Promocionales en Quito? ¡Encuentra el Ideal Aquí!,productos-promocionales-ecologicos-impulsa-tu-marca-de-forma-sostenible,¿Productos Promocionales Ecológicos? ¡Impulsa tu Marca de Forma Sostenible!,0.20,true
cuellos-multifuncionales-personalizados-la-estrategia-publicitaria-imbatible-para-tu-negocio-en-ecuador,Cuellos Multifuncionales Personalizados: La Estrategia Publicitaria Imbatible para tu Negocio en Ecuador,merchandising-eventos-corporativos-ecuador,Merchandising para Eventos Corporativos: Qué Funciona en Ecuador,0.20,false
cucharas-y-tenedores-que-protegen-descubre-el-set-de-cubiertos-antibacterianos-para-empresas-en-ecuador,¿Cucharas y Tenedores que Protegen? Descubre el Set de Cubiertos Antibacterianos para Empresas en Ecuador,boligrafos-promocionales-personalizados-guia-empresas-ecuador,Bolígrafos Promocionales Personalizados: Guía Completa para Empresas en Ecuador,0.20,false
productos-promocionales-ecuador,Guía Completa de Productos Promocionales en Ecuador,promocionales-antimicrobianos-la-defensa-invisible-que-impulsa-tu-marca-en-ecuador,Promocionales Antimicrobianos: La Defensa Invisible que Impulsa tu Marca en Ecuador,0.20,true
merchandising-para-ferias-empresariales-ecuador,Merchandising para Ferias Empresariales en Ecuador: Qué Llevar y Cómo Destacar,boligrafos-promocionales-personalizados-guia-empresas-ecuador,Bolígrafos Promocionales Personalizados: Guía Completa para Empresas en Ecuador,0.20,false
