post_slug,post_category,product_links_count,category_links_count,landing_links_count,total_commercial_links,has_zero_commercial_links,invalid_product_links,invalid_category_links,generic_anchor_count,linked_category_slugs
como-elegir-promocionales-segun-tu-tipo-de-cliente-2026,marketing,0,0,1,1,false,,,0,
articulos-promocionales-para-empresas-que-funcionan,marketing,1,3,0,4,false,,,0,boligrafos-publicitarios|mugs-y-termos-personalizados|tecnologia-promocional
top-10-regalos-corporativos-tecnologicos-2026,tendencias,0,3,0,3,false,,,0,tecnologia-promocional|memorias-usb-personalizadas
guia-definitiva-merchandising-empresas-ecuador,marketing,0,8,0,8,false,,,0,mugs-y-termos-personalizados|articulos-de-oficina-personalizados|boligrafos-publicitarios|tecnologia-promocional|ecologia|novedades
solucion-antiestres-bolas-neon-promocionales-para-empresas-en-ecuador,productos,0,2,0,2,false,,,0,antiestres
enamora-a-tus-clientes-regalos-corporativos-unicos-para-amor-y-amistad,productos,1,4,1,6,false,,,0,mugs-y-termos-personalizados|llaveros-personalizados|novedades
listos-para-carnaval-2026-impulsa-tu-marca-con-productos-promocionales,productos,0,4,2,6,false,,,0,gorras-personalizadas|boligrafos-publicitarios|variedades|novedades
boligrafos-personalizados-la-mejor-inversion-publicitaria-en-ecuador,productos,2,3,0,5,false,,,0,boligrafos-publicitarios|articulos-de-oficina-personalizados
llaveros-promocionales-cual-es-la-mejor-opcion-para-tu-presupuesto,productos,3,7,0,10,false,,,0,llaveros-personalizados
buscas-productos-promocionales-en-quito-encuentra-el-ideal-aqui,productos,0,5,1,6,false,,,0,boligrafos-publicitarios|mugs-y-termos-personalizados|tecnologia-promocional|novedades
productos-promocionales-ecologicos-impulsa-tu-marca-de-forma-sostenible,productos,2,8,0,10,false,,,0,ecologia|econature
boligrafo-flom-4-1-antibacteriano-el-regalo-promocional-que-protege-tu-marca-en-ecuador,productos,1,5,0,6,false,,,0,boligrafos-publicitarios|antimicrobianos|medicos
cuellos-multifuncionales-personalizados-la-estrategia-publicitaria-imbatible-para-tu-negocio-en-ecuador,productos,0,7,1,8,false,,,0,camisetas-y-confeccion-corporativa|gorras-personalizadas|deportes
cucharas-y-tenedores-que-protegen-descubre-el-set-de-cubiertos-antibacterianos-para-empresas-en-ecuador,productos,2,4,0,6,false,,,0,antimicrobianos|medicos|hogar
productos-promocionales-ecuador,productos,0,5,1,6,false,,,0,mugs-y-termos-personalizados|mochilas-y-maletines-personalizados|boligrafos-publicitarios|novedades|tecnologia-promocional
mejores-productos-promocionales-2025,productos,0,3,1,4,false,,,0,novedades|tecnologia-promocional|mugs-y-termos-personalizados
estrategias-marketing-merchandising-empresarial,marketing,0,2,0,2,false,,,0,novedades|articulos-de-oficina-personalizados
diseno-logos-productos-promocionales,diseño,0,5,1,6,false,,,0,boligrafos-publicitarios|mugs-y-termos-personalizados|gorras-personalizadas|novedades
merchandising-eventos-corporativos-ecuador,merchandising,0,5,1,6,false,,,0,gorras-personalizadas|mochilas-y-maletines-personalizados|mugs-y-termos-personalizados|variedades|novedades
productos-tecnologicos-promocionales-tendencias,productos,2,3,1,6,false,,,0,tecnologia-promocional|memorias-usb-personalizadas
branding-textiles-personalizados-empresas,marketing,1,4,1,6,false,,,0,camisetas-y-confeccion-corporativa|gorras-personalizadas
colores-psicologia-merchandising-corporativo,diseño,0,5,0,5,false,,,0,gorras-personalizadas|mugs-y-termos-personalizados|boligrafos-publicitarios|articulos-de-oficina-personalizados|novedades
regalos-corporativos-fin-ano-ecuador,merchandising,1,5,2,8,false,,,0,mugs-y-termos-personalizados|mochilas-y-maletines-personalizados|tecnologia-promocional|novedades
personalizacion-productos-tecnicas-impresion,productos,0,5,0,5,false,,,0,boligrafos-publicitarios|gorras-personalizadas|mugs-y-termos-personalizados|camisetas-y-confeccion-corporativa|novedades
marketing-sostenible-productos-ecologicos-promocionales,marketing,2,3,0,5,false,,,0,ecologia|econature
regalos-corporativos-elegantes,merchandising,1,5,0,6,false,,,0,mochilas-y-maletines-personalizados|mugs-y-termos-personalizados|relojes|novedades
10-mejores-productos-promocionales-ecuador-imprescindibles,productos,0,2,0,2,false,,,0,novedades|tecnologia-promocional
beneficios-productos-promocionales-ecuador-guia-completa,marketing,0,5,1,6,false,,,0,boligrafos-publicitarios|mugs-y-termos-personalizados|tecnologia-promocional|novedades
productos-promocionales-baratos-guia-completa,marketing,9,23,0,32,false,,,0,precio-bomba|boligrafos-publicitarios|llaveros-personalizados|ecologia|tecnologia-promocional|articulos-de-oficina-personalizados|mugs-y-termos-personalizados|mochilas-y-maletines-personalizados
productos-promocionales-por-mayor-mayoreo-guia-completa,marketing,2,25,0,27,false,,,0,boligrafos-publicitarios|gorras-personalizadas|mugs-y-termos-personalizados|articulos-de-oficina-personalizados|camisetas-y-confeccion-corporativa|tecnologia-promocional|mochilas-y-maletines-personalizados|memorias-usb-personalizadas
productos-promocionales-navidenos-guia-completa,merchandising,0,20,0,20,false,,,0,mugs-y-termos-personalizados|articulos-de-oficina-personalizados|variedades|llaveros-personalizados|tecnologia-promocional|ecologia|camisetas-y-confeccion-corporativa|boligrafos-publicitarios|novedades
adios-a-las-perdidas-boomtag-bp-29-el-rastreador-airtag-promocional-que-impulsa-tu-marca,productos,0,2,0,2,false,,,0,tecnologia-promocional|novedades
promocionales-antimicrobianos-la-defensa-invisible-que-impulsa-tu-marca-en-ecuador,productos,2,6,0,8,false,,,0,antimicrobianos|medicos|boligrafos-publicitarios|articulos-de-oficina-personalizados
abre-caminos-al-exito-destapador-con-iman-personalizado-el-iman-de-clientes-para-tu-marca-en-ecuador,productos,2,5,0,7,false,,,0,llaveros-personalizados|bar-y-vino|hogar|novedades
herramientas-mustang-promocionales-impulsa-tu-marca-con-soluciones-practicas-ecuador,productos,2,6,0,8,false,,,0,herramientas|articulos-de-oficina-personalizados|novedades
mejores-regalos-corporativos-para-empresas-ecuador-2026,regalos-corporativos,0,6,1,7,false,,,0,boligrafos-publicitarios|mugs-y-termos-personalizados|gorras-personalizadas|memorias-usb-personalizadas|tecnologia-promocional
merchandising-para-ferias-empresariales-ecuador,merchandising,0,4,3,7,false,,,0,boligrafos-publicitarios|llaveros-personalizados|mochilas-y-maletines-personalizados|gorras-personalizadas
boligrafos-promocionales-personalizados-guia-empresas-ecuador,guias-productos,0,2,0,2,false,,,0,boligrafos-publicitarios
articulos-promocionales-ecologicos-para-empresas-ecuador,sostenibilidad,0,3,2,5,false,,,0,ecologia|mochilas-y-maletines-personalizados
cuanto-cuestan-los-articulos-promocionales-personalizados-ecuador,guias-productos,0,8,3,11,false,,,0,boligrafos-publicitarios|mugs-y-termos-personalizados|tecnologia-promocional
