url,last_crawled,matched_locally,type,in_sitemap,internal_links_in,content_score,tier,action
https://www.kronosolopromocionales.com/articulos-promocionales/,1969-12-31,true,commercial,true,8,,P4,Monitorear; probablemente sea cuestión de tiempo de rastreo
https://www.kronosolopromocionales.com/blog/,1969-12-31,true,commercial,true,3,,P4,Monitorear; probablemente sea cuestión de tiempo de rastreo
https://www.kronosolopromocionales.com/blog/productos-promocionales-baratos-guia-completa/,1969-12-31,true,blog,true,n/d (no fiable),,P4,"Confirmar manualmente que aparece en al menos una grilla/listado (relacionados, categoría, blog index)"
https://www.kronosolopromocionales.com/catalogos-digitales/,1969-12-31,true,commercial,true,4,,P4,Monitorear; probablemente sea cuestión de tiempo de rastreo
https://www.kronosolopromocionales.com/categorias/antimicrobianos/,1969-12-31,true,category,true,7,,P4,Monitorear; probablemente sea cuestión de tiempo de rastreo
https://www.kronosolopromocionales.com/categorias/bar-y-vino/,1969-12-31,true,category,true,2,,P3,Monitorear; probablemente sea cuestión de tiempo de rastreo
https://www.kronosolopromocionales.com/categorias/bicicleta/,1969-12-31,true,category,true,0,,P1,Añadir al menos 1 enlace interno contextual desde una página con autoridad
https://www.kronosolopromocionales.com/categorias/deportes/,1969-12-31,true,category,true,3,,P4,Monitorear; probablemente sea cuestión de tiempo de rastreo
https://www.kronosolopromocionales.com/categorias/ecologia/,1969-12-31,true,category,true,16,,P4,Monitorear; probablemente sea cuestión de tiempo de rastreo
https://www.kronosolopromocionales.com/categorias/hogar/,1969-12-31,true,category,true,2,,P3,Monitorear; probablemente sea cuestión de tiempo de rastreo
https://www.kronosolopromocionales.com/categorias/novedades/,1969-12-31,true,category,true,19,,P4,Monitorear; probablemente sea cuestión de tiempo de rastreo
https://www.kronosolopromocionales.com/categorias/paraguas/,1969-12-31,true,category,true,0,,P1,Añadir al menos 1 enlace interno contextual desde una página con autoridad
https://www.kronosolopromocionales.com/categorias/precio-bomba/,1969-12-31,true,category,true,1,,P3,Monitorear; probablemente sea cuestión de tiempo de rastreo
https://www.kronosolopromocionales.com/categorias/reflectivos/,1969-12-31,true,category,true,0,,P1,Añadir al menos 1 enlace interno contextual desde una página con autoridad
https://www.kronosolopromocionales.com/contacto/,1969-12-31,true,commercial,true,3,,P4,Monitorear; probablemente sea cuestión de tiempo de rastreo
https://www.kronosolopromocionales.com/material-publicitario/,1969-12-31,true,commercial,true,1,,P3,Monitorear; probablemente sea cuestión de tiempo de rastreo
https://www.kronosolopromocionales.com/merchandising-corporativo/,1969-12-31,true,commercial,true,8,,P4,Monitorear; probablemente sea cuestión de tiempo de rastreo
https://www.kronosolopromocionales.com/nosotros/,1969-12-31,true,legal,true,1,,P3,Monitorear; probablemente sea cuestión de tiempo de rastreo
https://www.kronosolopromocionales.com/politica-de-privacidad/,1969-12-31,true,legal,true,0,,P1,Añadir al menos 1 enlace interno contextual desde una página con autoridad
https://www.kronosolopromocionales.com/productos-promocionales-ecuador/guayaquil/,1969-12-31,true,city,true,0,,P1,Añadir al menos 1 enlace interno contextual desde una página con autoridad
https://www.kronosolopromocionales.com/productos-promocionales-ecuador/quito/,1969-12-31,true,city,true,0,,P1,Añadir al menos 1 enlace interno contextual desde una página con autoridad
https://www.kronosolopromocionales.com/productos/abanico-en-madera-11142/,1969-12-31,true,product,true,n/d (no fiable),100,P4,"Confirmar manualmente que aparece en al menos una grilla/listado (relacionados, categoría, blog index)"
https://www.kronosolopromocionales.com/productos/audifonos-bluetooth-cork-10425/,1969-12-31,true,product,true,n/d (no fiable),100,P4,"Confirmar manualmente que aparece en al menos una grilla/listado (relacionados, categoría, blog index)"
https://www.kronosolopromocionales.com/productos/balde-multiusos-10281/,1969-12-31,true,product,true,n/d (no fiable),100,P4,"Confirmar manualmente que aparece en al menos una grilla/listado (relacionados, categoría, blog index)"
https://www.kronosolopromocionales.com/productos/bola-antiestres-tricolor-5877/,1969-12-31,true,product,true,n/d (no fiable),100,P4,"Confirmar manualmente que aparece en al menos una grilla/listado (relacionados, categoría, blog index)"
https://www.kronosolopromocionales.com/productos/boligrafo-cork-stand-13462/,1969-12-31,true,product,true,n/d (no fiable),100,P4,"Confirmar manualmente que aparece en al menos una grilla/listado (relacionados, categoría, blog index)"
https://www.kronosolopromocionales.com/productos/boligrafo-dash-frost-13345/,1969-12-31,true,product,true,n/d (no fiable),100,P4,"Confirmar manualmente que aparece en al menos una grilla/listado (relacionados, categoría, blog index)"
https://www.kronosolopromocionales.com/productos/boligrafo-geometric-eco-9676/,1969-12-31,true,product,true,n/d (no fiable),100,P4,"Confirmar manualmente que aparece en al menos una grilla/listado (relacionados, categoría, blog index)"
https://www.kronosolopromocionales.com/productos/boligrafo-helmet-10666/,1969-12-31,true,product,true,n/d (no fiable),100,P4,"Confirmar manualmente que aparece en al menos una grilla/listado (relacionados, categoría, blog index)"
https://www.kronosolopromocionales.com/productos/boligrafo-jenkin-10246/,1969-12-31,true,product,true,n/d (no fiable),100,P4,"Confirmar manualmente que aparece en al menos una grilla/listado (relacionados, categoría, blog index)"
https://www.kronosolopromocionales.com/productos/boligrafo-jovi-metalizado-10022/,1969-12-31,true,product,true,n/d (no fiable),100,P4,"Confirmar manualmente que aparece en al menos una grilla/listado (relacionados, categoría, blog index)"
https://www.kronosolopromocionales.com/productos/boligrafo-nest-eco-13360/,1969-12-31,true,product,true,n/d (no fiable),100,P4,"Confirmar manualmente que aparece en al menos una grilla/listado (relacionados, categoría, blog index)"
https://www.kronosolopromocionales.com/productos/bolsa-en-cambrel-fest-oferta-8372/,1969-12-31,true,product,true,n/d (no fiable),100,P4,"Confirmar manualmente que aparece en al menos una grilla/listado (relacionados, categoría, blog index)"
https://www.kronosolopromocionales.com/productos/bolsa-plastica-ruffus-10584/,1969-12-31,true,product,true,n/d (no fiable),100,P4,"Confirmar manualmente que aparece en al menos una grilla/listado (relacionados, categoría, blog index)"
https://www.kronosolopromocionales.com/productos/botilito-carabinero-pvc-690ml-produccion-nacional-5820/,1969-12-31,true,product,true,n/d (no fiable),100,P4,"Confirmar manualmente que aparece en al menos una grilla/listado (relacionados, categoría, blog index)"
https://www.kronosolopromocionales.com/productos/botilito-hoola-rpet-750ml-13473/,1969-12-31,true,product,true,n/d (no fiable),100,P4,"Confirmar manualmente que aparece en al menos una grilla/listado (relacionados, categoría, blog index)"
https://www.kronosolopromocionales.com/productos/botilito-metalico-concord-550ml-nuevo-13579/,1969-12-31,true,product,true,n/d (no fiable),100,P4,"Confirmar manualmente que aparece en al menos una grilla/listado (relacionados, categoría, blog index)"
https://www.kronosolopromocionales.com/productos/botilito-metalico-cuppa-600ml-nuevo-13571/,1969-12-31,true,product,true,n/d (no fiable),100,P4,"Confirmar manualmente que aparece en al menos una grilla/listado (relacionados, categoría, blog index)"
https://www.kronosolopromocionales.com/productos/botilito-metalico-plugsy-750ml-13525/,1969-12-31,true,product,true,n/d (no fiable),100,P4,"Confirmar manualmente que aparece en al menos una grilla/listado (relacionados, categoría, blog index)"
https://www.kronosolopromocionales.com/productos/botilito-murray-700ml-8665/,1969-12-31,true,product,true,n/d (no fiable),100,P4,"Confirmar manualmente que aparece en al menos una grilla/listado (relacionados, categoría, blog index)"
https://www.kronosolopromocionales.com/productos/botilito-plastico-pvc-runny-690ml-produccion-nacional-13236/,1969-12-31,true,product,true,n/d (no fiable),100,P4,"Confirmar manualmente que aparece en al menos una grilla/listado (relacionados, categoría, blog index)"
https://www.kronosolopromocionales.com/productos/botilito-plastico-santino-650ml-oferta-9774/,1969-12-31,true,product,true,n/d (no fiable),100,P4,"Confirmar manualmente que aparece en al menos una grilla/listado (relacionados, categoría, blog index)"
https://www.kronosolopromocionales.com/productos/buckingham-boligrafo-9881/,1969-12-31,true,product,true,n/d (no fiable),100,P4,"Confirmar manualmente que aparece en al menos una grilla/listado (relacionados, categoría, blog index)"
https://www.kronosolopromocionales.com/productos/calendario-perpetuo-produccion-nacional-7513/,1969-12-31,true,product,true,n/d (no fiable),100,P4,"Confirmar manualmente que aparece en al menos una grilla/listado (relacionados, categoría, blog index)"
https://www.kronosolopromocionales.com/productos/candado-de-clave-tsa-nuevo-13537/,1969-12-31,true,product,true,n/d (no fiable),100,P4,"Confirmar manualmente que aparece en al menos una grilla/listado (relacionados, categoría, blog index)"
https://www.kronosolopromocionales.com/productos/cargador-inalambrico-3-1-9959/,1969-12-31,true,product,true,n/d (no fiable),100,P4,"Confirmar manualmente que aparece en al menos una grilla/listado (relacionados, categoría, blog index)"
https://www.kronosolopromocionales.com/productos/chaqueta-en-pvc-5466/,1969-12-31,true,product,true,n/d (no fiable),100,P4,"Confirmar manualmente que aparece en al menos una grilla/listado (relacionados, categoría, blog index)"
https://www.kronosolopromocionales.com/productos/cosmetiquera-venecia-6904/,1969-12-31,true,product,true,n/d (no fiable),100,P4,"Confirmar manualmente que aparece en al menos una grilla/listado (relacionados, categoría, blog index)"
https://www.kronosolopromocionales.com/productos/destapador-rectangular-produccion-nacional-8755/,1969-12-31,true,product,true,n/d (no fiable),100,P4,"Confirmar manualmente que aparece en al menos una grilla/listado (relacionados, categoría, blog index)"
https://www.kronosolopromocionales.com/productos/estuche-clear-produccion-nacional-6047/,1969-12-31,true,product,true,n/d (no fiable),100,P4,"Confirmar manualmente que aparece en al menos una grilla/listado (relacionados, categoría, blog index)"
https://www.kronosolopromocionales.com/productos/korn-roller-10023/,1969-12-31,true,product,true,n/d (no fiable),100,P4,"Confirmar manualmente que aparece en al menos una grilla/listado (relacionados, categoría, blog index)"
https://www.kronosolopromocionales.com/productos/lapiz-plastic-clip-de-golf-5879/,1969-12-31,true,product,true,n/d (no fiable),100,P4,"Confirmar manualmente que aparece en al menos una grilla/listado (relacionados, categoría, blog index)"
https://www.kronosolopromocionales.com/productos/lazo-jump-nuevo-13549/,1969-12-31,true,product,true,n/d (no fiable),100,P4,"Confirmar manualmente que aparece en al menos una grilla/listado (relacionados, categoría, blog index)"
https://www.kronosolopromocionales.com/productos/libreta-klaus-urban-business-10903/,1969-12-31,true,product,true,n/d (no fiable),100,P4,"Confirmar manualmente que aparece en al menos una grilla/listado (relacionados, categoría, blog index)"
https://www.kronosolopromocionales.com/productos/libreta-spyro-produccion-nacional-8099/,1969-12-31,true,product,true,n/d (no fiable),100,P4,"Confirmar manualmente que aparece en al menos una grilla/listado (relacionados, categoría, blog index)"
https://www.kronosolopromocionales.com/productos/llavero-metro-con-destapador-mimic-7429/,1969-12-31,true,product,true,n/d (no fiable),100,P4,"Confirmar manualmente que aparece en al menos una grilla/listado (relacionados, categoría, blog index)"
https://www.kronosolopromocionales.com/productos/llavero-metro-light-13352/,1969-12-31,true,product,true,n/d (no fiable),100,P4,"Confirmar manualmente que aparece en al menos una grilla/listado (relacionados, categoría, blog index)"
https://www.kronosolopromocionales.com/productos/llavero-ml-401-10514/,1969-12-31,true,product,true,n/d (no fiable),100,P4,"Confirmar manualmente que aparece en al menos una grilla/listado (relacionados, categoría, blog index)"
https://www.kronosolopromocionales.com/productos/llavero-ml-419-13395/,1969-12-31,true,product,true,n/d (no fiable),100,P4,"Confirmar manualmente que aparece en al menos una grilla/listado (relacionados, categoría, blog index)"
https://www.kronosolopromocionales.com/productos/maletin-compacto-soccer-cup-13291/,1969-12-31,true,product,true,n/d (no fiable),100,P4,"Confirmar manualmente que aparece en al menos una grilla/listado (relacionados, categoría, blog index)"
https://www.kronosolopromocionales.com/productos/memo-sticky-set-ring-8820/,1969-12-31,true,product,true,n/d (no fiable),100,P4,"Confirmar manualmente que aparece en al menos una grilla/listado (relacionados, categoría, blog index)"
https://www.kronosolopromocionales.com/productos/mini-libreta-niccolo-8640/,1969-12-31,true,product,true,n/d (no fiable),100,P4,"Confirmar manualmente que aparece en al menos una grilla/listado (relacionados, categoría, blog index)"
https://www.kronosolopromocionales.com/productos/mini-linterna-bamboo-9926/,1969-12-31,true,product,true,n/d (no fiable),100,P4,"Confirmar manualmente que aparece en al menos una grilla/listado (relacionados, categoría, blog index)"
https://www.kronosolopromocionales.com/productos/mini-set-de-limpieza-tech-10161/,1969-12-31,true,product,true,n/d (no fiable),100,P4,"Confirmar manualmente que aparece en al menos una grilla/listado (relacionados, categoría, blog index)"
https://www.kronosolopromocionales.com/productos/mop-bicolor-8947/,1969-12-31,true,product,true,n/d (no fiable),100,P4,"Confirmar manualmente que aparece en al menos una grilla/listado (relacionados, categoría, blog index)"
https://www.kronosolopromocionales.com/productos/morral-backpack-denim-7600/,1969-12-31,true,product,true,n/d (no fiable),100,P4,"Confirmar manualmente que aparece en al menos una grilla/listado (relacionados, categoría, blog index)"
https://www.kronosolopromocionales.com/productos/morral-backpack-krum-13399/,1969-12-31,true,product,true,n/d (no fiable),100,P4,"Confirmar manualmente que aparece en al menos una grilla/listado (relacionados, categoría, blog index)"
https://www.kronosolopromocionales.com/productos/morral-backpack-quasar-urban-travel-13342/,1969-12-31,true,product,true,n/d (no fiable),100,P4,"Confirmar manualmente que aparece en al menos una grilla/listado (relacionados, categoría, blog index)"
https://www.kronosolopromocionales.com/productos/morral-backpack-radeon-13209/,1969-12-31,true,product,true,n/d (no fiable),100,P4,"Confirmar manualmente que aparece en al menos una grilla/listado (relacionados, categoría, blog index)"
https://www.kronosolopromocionales.com/productos/morral-backpack-randy-9820/,1969-12-31,true,product,true,n/d (no fiable),100,P4,"Confirmar manualmente que aparece en al menos una grilla/listado (relacionados, categoría, blog index)"
https://www.kronosolopromocionales.com/productos/morral-backpack-templi-13424/,1969-12-31,true,product,true,n/d (no fiable),100,P4,"Confirmar manualmente que aparece en al menos una grilla/listado (relacionados, categoría, blog index)"
https://www.kronosolopromocionales.com/productos/mug-ethio-cofee-473-ml-13219/,1969-12-31,true,product,true,n/d (no fiable),100,P4,"Confirmar manualmente que aparece en al menos una grilla/listado (relacionados, categoría, blog index)"
https://www.kronosolopromocionales.com/productos/mug-metalico-con-pitillo-600ml-10092/,1969-12-31,true,product,true,n/d (no fiable),100,P4,"Confirmar manualmente que aparece en al menos una grilla/listado (relacionados, categoría, blog index)"
https://www.kronosolopromocionales.com/productos/mug-plastico-morgan-300ml-produccion-nacional-10202/,1969-12-31,true,product,true,n/d (no fiable),100,P4,"Confirmar manualmente que aparece en al menos una grilla/listado (relacionados, categoría, blog index)"
https://www.kronosolopromocionales.com/productos/mug-plastico-osiris-360ml-produccion-nacional-8051/,1969-12-31,true,product,true,n/d (no fiable),100,P4,"Confirmar manualmente que aparece en al menos una grilla/listado (relacionados, categoría, blog index)"
https://www.kronosolopromocionales.com/productos/mug-plastico-stash-500-ml-nuevo-13534/,1969-12-31,true,product,true,n/d (no fiable),100,P4,"Confirmar manualmente que aparece en al menos una grilla/listado (relacionados, categoría, blog index)"
https://www.kronosolopromocionales.com/productos/organizador-multiusos-link-nuevo-13536/,1969-12-31,true,product,true,n/d (no fiable),100,P4,"Confirmar manualmente que aparece en al menos una grilla/listado (relacionados, categoría, blog index)"
https://www.kronosolopromocionales.com/productos/organizador-para-bicicleta-9821/,1969-12-31,true,product,true,n/d (no fiable),100,P4,"Confirmar manualmente que aparece en al menos una grilla/listado (relacionados, categoría, blog index)"
https://www.kronosolopromocionales.com/productos/paraguas-kahlo-23-nuevo-13532/,1969-12-31,true,product,true,n/d (no fiable),100,P4,"Confirmar manualmente que aparece en al menos una grilla/listado (relacionados, categoría, blog index)"
https://www.kronosolopromocionales.com/productos/pesa-de-viaje-digital-6262/,1969-12-31,true,product,true,n/d (no fiable),100,P4,"Confirmar manualmente que aparece en al menos una grilla/listado (relacionados, categoría, blog index)"
https://www.kronosolopromocionales.com/productos/pila-recargable-nevol-2000mah-13421/,1969-12-31,true,product,true,n/d (no fiable),100,P4,"Confirmar manualmente que aparece en al menos una grilla/listado (relacionados, categoría, blog index)"
https://www.kronosolopromocionales.com/productos/pitillo-reutilizable-metalico-bamboo-9954/,1969-12-31,true,product,true,n/d (no fiable),100,P4,"Confirmar manualmente que aparece en al menos una grilla/listado (relacionados, categoría, blog index)"
https://www.kronosolopromocionales.com/productos/portaboligrafos-flex-produccion-nacional-4113/,1969-12-31,true,product,true,n/d (no fiable),100,P4,"Confirmar manualmente que aparece en al menos una grilla/listado (relacionados, categoría, blog index)"
https://www.kronosolopromocionales.com/productos/portacomidas-stora-eco-13242/,1969-12-31,true,product,true,n/d (no fiable),100,P4,"Confirmar manualmente que aparece en al menos una grilla/listado (relacionados, categoría, blog index)"
https://www.kronosolopromocionales.com/productos/puerto-usb-bamboo-spirit-10311/,1969-12-31,true,product,true,n/d (no fiable),100,P4,"Confirmar manualmente que aparece en al menos una grilla/listado (relacionados, categoría, blog index)"
https://www.kronosolopromocionales.com/productos/puerto-usb-dante-eco-10741/,1969-12-31,true,product,true,n/d (no fiable),100,P4,"Confirmar manualmente que aparece en al menos una grilla/listado (relacionados, categoría, blog index)"
https://www.kronosolopromocionales.com/productos/repelente-de-insectos-13412/,1969-12-31,true,product,true,n/d (no fiable),100,P4,"Confirmar manualmente que aparece en al menos una grilla/listado (relacionados, categoría, blog index)"
https://www.kronosolopromocionales.com/productos/resaltador-triple-13310/,1969-12-31,true,product,true,n/d (no fiable),100,P4,"Confirmar manualmente que aparece en al menos una grilla/listado (relacionados, categoría, blog index)"
https://www.kronosolopromocionales.com/productos/set-boligrafo-y-portaminas-dakota-eco-9684/,1969-12-31,true,product,true,n/d (no fiable),100,P4,"Confirmar manualmente que aparece en al menos una grilla/listado (relacionados, categoría, blog index)"
https://www.kronosolopromocionales.com/productos/set-de-12-colores-eco-kraft-10996/,1969-12-31,true,product,true,n/d (no fiable),100,P4,"Confirmar manualmente que aparece en al menos una grilla/listado (relacionados, categoría, blog index)"
https://www.kronosolopromocionales.com/productos/set-de-4-mini-marcadores-tinta-lavable-9415/,1969-12-31,true,product,true,n/d (no fiable),100,P4,"Confirmar manualmente que aparece en al menos una grilla/listado (relacionados, categoría, blog index)"
https://www.kronosolopromocionales.com/productos/set-de-destornilladores-triangular-10536/,1969-12-31,true,product,true,n/d (no fiable),100,P4,"Confirmar manualmente que aparece en al menos una grilla/listado (relacionados, categoría, blog index)"
https://www.kronosolopromocionales.com/productos/set-de-juegos-genium-9961/,1969-12-31,true,product,true,n/d (no fiable),100,P4,"Confirmar manualmente que aparece en al menos una grilla/listado (relacionados, categoría, blog index)"
https://www.kronosolopromocionales.com/productos/set-de-resaltadores-de-cera-trio-6524/,1969-12-31,true,product,true,n/d (no fiable),100,P4,"Confirmar manualmente que aparece en al menos una grilla/listado (relacionados, categoría, blog index)"
https://www.kronosolopromocionales.com/productos/set-de-vino-sutton-10070/,1969-12-31,true,product,true,n/d (no fiable),100,P4,"Confirmar manualmente que aparece en al menos una grilla/listado (relacionados, categoría, blog index)"
https://www.kronosolopromocionales.com/productos/set-sos-13273/,1969-12-31,true,product,true,n/d (no fiable),90,P4,"Confirmar manualmente que aparece en al menos una grilla/listado (relacionados, categoría, blog index)"
https://www.kronosolopromocionales.com/productos/set-travel-lock-13274/,1969-12-31,true,product,true,n/d (no fiable),100,P4,"Confirmar manualmente que aparece en al menos una grilla/listado (relacionados, categoría, blog index)"
https://www.kronosolopromocionales.com/productos/soporte-para-moviles-karter-10132/,1969-12-31,true,product,true,n/d (no fiable),100,P4,"Confirmar manualmente que aparece en al menos una grilla/listado (relacionados, categoría, blog index)"
https://www.kronosolopromocionales.com/productos/soporte-para-moviles-strike-produccion-nacionalmas-10282/,1969-12-31,true,product,true,n/d (no fiable),100,P4,"Confirmar manualmente que aparece en al menos una grilla/listado (relacionados, categoría, blog index)"
https://www.kronosolopromocionales.com/productos/speaker-bluetooth-bryson-9801/,1969-12-31,true,product,true,n/d (no fiable),100,P4,"Confirmar manualmente que aparece en al menos una grilla/listado (relacionados, categoría, blog index)"
https://www.kronosolopromocionales.com/productos/sporty-bag-reflectiva-security-9190/,1969-12-31,true,product,true,n/d (no fiable),100,P4,"Confirmar manualmente que aparece en al menos una grilla/listado (relacionados, categoría, blog index)"
https://www.kronosolopromocionales.com/productos/tokken-9243/,1969-12-31,true,product,true,n/d (no fiable),90,P4,"Confirmar manualmente que aparece en al menos una grilla/listado (relacionados, categoría, blog index)"
https://www.kronosolopromocionales.com/productos/vaso-cervecero-300ml-oferta-4813/,1969-12-31,true,product,true,n/d (no fiable),100,P4,"Confirmar manualmente que aparece en al menos una grilla/listado (relacionados, categoría, blog index)"
https://www.kronosolopromocionales.com/productos/vaso-plastico-new-york-20-oz-produccion-nacional-8735/,1969-12-31,true,product,true,n/d (no fiable),100,P4,"Confirmar manualmente que aparece en al menos una grilla/listado (relacionados, categoría, blog index)"
