url,last_crawled,matched_locally,local_type,local_robots_index,verdict
https://www.kronosolopromocionales.com/productos/ventura-stylus-4-1-10234-3655/,2026-07-10,true,redirect,n/a,correcto_es_un_redirect_301_gsc_solo_lo_agrupo_bajo_noindex
https://www.kronosolopromocionales.com/productos/ventura-stylus-4-1-10234/,2026-07-10,true,product,false,confirmado_noindex_intencional_local
https://www.kronosolopromocionales.com/productos/boligrafo-dormin-bamboo-10839/,2026-07-09,true,product,false,confirmado_noindex_intencional_local
https://www.kronosolopromocionales.com/productos/boligrafo-dormin-bamboo-10839/,2026-07-09,true,product,false,confirmado_noindex_intencional_local
https://www.kronosolopromocionales.com/productos/reloj-digital-bowen-oferta-9789-3938/,2026-07-08,true,redirect,n/a,correcto_es_un_redirect_301_gsc_solo_lo_agrupo_bajo_noindex
https://www.kronosolopromocionales.com/productos/reloj-digital-bowen-oferta-9789/,2026-07-08,true,product,false,confirmado_noindex_intencional_local
https://www.kronosolopromocionales.com/productos/set-de-herramientas-scout-10287-3780/,2026-07-08,true,redirect,n/a,correcto_es_un_redirect_301_gsc_solo_lo_agrupo_bajo_noindex
https://www.kronosolopromocionales.com/productos/set-de-herramientas-scout-10287/,2026-07-08,true,product,false,confirmado_noindex_intencional_local
https://www.kronosolopromocionales.com/productos/portos-oferta-7352-3696/,2026-07-05,true,redirect,n/a,correcto_es_un_redirect_301_gsc_solo_lo_agrupo_bajo_noindex
https://www.kronosolopromocionales.com/productos/portos-oferta-7352/,2026-07-05,true,product,false,confirmado_noindex_intencional_local
https://www.kronosolopromocionales.com/productos/alcancia-cow-oferta-7595-2499/,2026-07-02,true,redirect,n/a,correcto_es_un_redirect_301_gsc_solo_lo_agrupo_bajo_noindex
https://www.kronosolopromocionales.com/productos/alcancia-cow-oferta-7595/,2026-07-02,true,product,false,confirmado_noindex_intencional_local
https://www.kronosolopromocionales.com/productos/trolley-morral-backpack-senior-urban-travel-10168-3470/,2026-06-24,true,redirect,n/a,correcto_es_un_redirect_301_gsc_solo_lo_agrupo_bajo_noindex
https://www.kronosolopromocionales.com/productos/trolley-morral-backpack-senior-urban-travel-10168/,2026-06-24,true,product,false,confirmado_noindex_intencional_local
https://www.kronosolopromocionales.com/productos/lapiz-metallic-oferta-8507-3720/,2026-06-16,true,redirect,n/a,correcto_es_un_redirect_301_gsc_solo_lo_agrupo_bajo_noindex
https://www.kronosolopromocionales.com/productos/mug-doble-pared-en-acero-ii-16oz-1342-3552/,2026-06-16,true,redirect,n/a,correcto_es_un_redirect_301_gsc_solo_lo_agrupo_bajo_noindex
https://www.kronosolopromocionales.com/productos/set-de-destornilladores-everest-7991/,2026-06-14,true,product,true,CONTRADICCION_local_indexable_hoy_pero_gsc_vio_noindex_probable_crawl_desactualizado
https://www.kronosolopromocionales.com/productos/ventilador-hook-10472-2639/,2026-06-14,true,redirect,n/a,correcto_es_un_redirect_301_gsc_solo_lo_agrupo_bajo_noindex
https://www.kronosolopromocionales.com/productos/aplausometro-manos-produccion-nacional-6034/,2026-06-13,true,product,true,CONTRADICCION_local_indexable_hoy_pero_gsc_vio_noindex_probable_crawl_desactualizado
https://www.kronosolopromocionales.com/productos/gorra-beisbol-469-3932/,2026-06-12,true,redirect,n/a,correcto_es_un_redirect_301_gsc_solo_lo_agrupo_bajo_noindex
https://www.kronosolopromocionales.com/productos/botilito-en-aluminio-parsons-700ml-8758/,2026-06-11,true,product,true,CONTRADICCION_local_indexable_hoy_pero_gsc_vio_noindex_probable_crawl_desactualizado
https://www.kronosolopromocionales.com/productos/botilito-metalico-jupiter-500-ml-8514-3572/,2026-06-11,true,redirect,n/a,correcto_es_un_redirect_301_gsc_solo_lo_agrupo_bajo_noindex
https://www.kronosolopromocionales.com/productos/set-de-herramientas-apache-10288-3781/,2026-06-10,true,redirect,n/a,correcto_es_un_redirect_301_gsc_solo_lo_agrupo_bajo_noindex
https://www.kronosolopromocionales.com/productos/sticky-set-cubik-9974/,2026-06-08,true,product,true,CONTRADICCION_local_indexable_hoy_pero_gsc_vio_noindex_probable_crawl_desactualizado
https://www.kronosolopromocionales.com/productos/reloj-digital-utopus-11124/,2026-06-07,true,product,true,CONTRADICCION_local_indexable_hoy_pero_gsc_vio_noindex_probable_crawl_desactualizado
https://www.kronosolopromocionales.com/productos/candado-de-clave-metalico-6765/,2026-06-07,true,product,true,CONTRADICCION_local_indexable_hoy_pero_gsc_vio_noindex_probable_crawl_desactualizado
https://www.kronosolopromocionales.com/productos/aston-stylus-metalico-7852-3701/,2026-06-06,true,redirect,n/a,correcto_es_un_redirect_301_gsc_solo_lo_agrupo_bajo_noindex
https://www.kronosolopromocionales.com/productos/set-montgomery-boligrafo-y-roller-oferta-7938-3706/,2026-06-06,true,redirect,n/a,correcto_es_un_redirect_301_gsc_solo_lo_agrupo_bajo_noindex
https://www.kronosolopromocionales.com/productos/gel-antibacterial-transparente-produccion-nacional-9452/,2026-06-05,true,product,true,CONTRADICCION_local_indexable_hoy_pero_gsc_vio_noindex_probable_crawl_desactualizado
https://www.kronosolopromocionales.com/productos/organizador-de-viaje-swiss-peak-kool-9610-3460/,2026-06-05,true,redirect,n/a,correcto_es_un_redirect_301_gsc_solo_lo_agrupo_bajo_noindex
https://www.kronosolopromocionales.com/productos/pila-recargable-en-aluminio-4000mah-8727-3292/,2026-06-05,true,redirect,n/a,correcto_es_un_redirect_301_gsc_solo_lo_agrupo_bajo_noindex
https://www.kronosolopromocionales.com/productos/morral-backpack-bobby-edge-10762-3383/,2026-06-05,true,redirect,n/a,correcto_es_un_redirect_301_gsc_solo_lo_agrupo_bajo_noindex
https://www.kronosolopromocionales.com/productos/rastreador-airtag-vibe-13204-2362/,2026-06-05,true,redirect,n/a,correcto_es_un_redirect_301_gsc_solo_lo_agrupo_bajo_noindex
https://www.kronosolopromocionales.com/productos/corazon-antiestres-3650/,2026-06-05,true,product,true,CONTRADICCION_local_indexable_hoy_pero_gsc_vio_noindex_probable_crawl_desactualizado
https://www.kronosolopromocionales.com/productos/panos-humedos-antibacterial-klean-60und-7960/,2026-06-05,true,product,true,CONTRADICCION_local_indexable_hoy_pero_gsc_vio_noindex_probable_crawl_desactualizado
https://www.kronosolopromocionales.com/productos/maletin-master-ocean-10669-3377/,2026-06-05,true,redirect,n/a,correcto_es_un_redirect_301_gsc_solo_lo_agrupo_bajo_noindex
https://www.kronosolopromocionales.com/productos/portacomidas-spencer-10334-2660/,2026-06-05,true,redirect,n/a,correcto_es_un_redirect_301_gsc_solo_lo_agrupo_bajo_noindex
https://www.kronosolopromocionales.com/productos/planeador-semanal-ecologico-9975/,2026-06-04,true,product,true,CONTRADICCION_local_indexable_hoy_pero_gsc_vio_noindex_probable_crawl_desactualizado
https://www.kronosolopromocionales.com/productos/libreta-arista-11024-2921/,2026-06-04,true,redirect,n/a,correcto_es_un_redirect_301_gsc_solo_lo_agrupo_bajo_noindex
https://www.kronosolopromocionales.com/productos/termo-bullet-350ml-912-3551/,2026-06-04,true,redirect,n/a,correcto_es_un_redirect_301_gsc_solo_lo_agrupo_bajo_noindex
https://www.kronosolopromocionales.com/productos/boligrafo-ventura-eco-bamboo-9849-3745/,2026-06-03,true,redirect,n/a,correcto_es_un_redirect_301_gsc_solo_lo_agrupo_bajo_noindex
https://www.kronosolopromocionales.com/productos/reloj-de-agua-power-10828-2396/,2026-06-03,true,redirect,n/a,correcto_es_un_redirect_301_gsc_solo_lo_agrupo_bajo_noindex
https://www.kronosolopromocionales.com/productos/reloj-portaboligrafo-crystal-bamboo-9982/,2026-06-03,true,product,true,CONTRADICCION_local_indexable_hoy_pero_gsc_vio_noindex_probable_crawl_desactualizado
https://www.kronosolopromocionales.com/productos/botilito-plastico-pillbox-750ml-10089/,2026-06-03,true,product,true,CONTRADICCION_local_indexable_hoy_pero_gsc_vio_noindex_probable_crawl_desactualizado
https://www.kronosolopromocionales.com/productos/boligrafo-coffee-eco-9677-3734/,2026-06-03,true,redirect,n/a,correcto_es_un_redirect_301_gsc_solo_lo_agrupo_bajo_noindex
https://www.kronosolopromocionales.com/productos/agarradera-en-polietileno-nuevo-13405-3603/,2026-06-03,true,redirect,n/a,correcto_es_un_redirect_301_gsc_solo_lo_agrupo_bajo_noindex
https://www.kronosolopromocionales.com/productos/audifonos-bluetooth-bassline-go-boompods-10590/,2026-06-03,true,product,true,CONTRADICCION_local_indexable_hoy_pero_gsc_vio_noindex_probable_crawl_desactualizado
https://www.kronosolopromocionales.com/productos/canguro-dior-9823/,2026-06-02,true,product,true,CONTRADICCION_local_indexable_hoy_pero_gsc_vio_noindex_probable_crawl_desactualizado
https://www.kronosolopromocionales.com/productos/boligrafo-cartoon-mini-10015-3628/,2026-06-02,true,redirect,n/a,correcto_es_un_redirect_301_gsc_solo_lo_agrupo_bajo_noindex
https://www.kronosolopromocionales.com/productos/bajalenguas-plastico-produccion-nacional-7955/,2026-05-29,true,product,true,CONTRADICCION_local_indexable_hoy_pero_gsc_vio_noindex_probable_crawl_desactualizado
https://www.kronosolopromocionales.com/productos/portadocumentos-de-viaje-swiss-peak-6267-3412/,2026-05-29,true,redirect,n/a,correcto_es_un_redirect_301_gsc_solo_lo_agrupo_bajo_noindex
https://www.kronosolopromocionales.com/productos/morral-city-backpack-6266-3417/,2026-05-29,true,redirect,n/a,correcto_es_un_redirect_301_gsc_solo_lo_agrupo_bajo_noindex
https://www.kronosolopromocionales.com/productos/boligrafo-dormin-bamboo-10839-2882/,2026-05-29,true,redirect,n/a,correcto_es_un_redirect_301_gsc_solo_lo_agrupo_bajo_noindex
https://www.kronosolopromocionales.com/productos/set-limpiador-7-en-1-10980-2405/,2026-05-29,true,redirect,n/a,correcto_es_un_redirect_301_gsc_solo_lo_agrupo_bajo_noindex
https://www.kronosolopromocionales.com/productos/linterna-doctor-10699-3933/,2026-05-29,true,redirect,n/a,correcto_es_un_redirect_301_gsc_solo_lo_agrupo_bajo_noindex
https://www.kronosolopromocionales.com/productos/pastillero-vaso-2-en-1-6055/,2026-05-29,true,product,true,CONTRADICCION_local_indexable_hoy_pero_gsc_vio_noindex_probable_crawl_desactualizado
https://www.kronosolopromocionales.com/productos/boligrafo-lit-10025-3640/,2026-05-28,true,redirect,n/a,correcto_es_un_redirect_301_gsc_solo_lo_agrupo_bajo_noindex
https://www.kronosolopromocionales.com/productos/set-de-2-utensilios-para-queso-book-oferta-9540-2765/,2026-05-28,true,redirect,n/a,correcto_es_un_redirect_301_gsc_solo_lo_agrupo_bajo_noindex
https://www.kronosolopromocionales.com/productos/portatarjetas-ml-275-oferta-4816-3942/,2026-05-28,true,redirect,n/a,correcto_es_un_redirect_301_gsc_solo_lo_agrupo_bajo_noindex
https://www.kronosolopromocionales.com/productos/mini-llavero-pito-3156-3814/,2026-05-28,true,redirect,n/a,correcto_es_un_redirect_301_gsc_solo_lo_agrupo_bajo_noindex
https://www.kronosolopromocionales.com/productos/reloj-wall-bamboo-10578-3939/,2026-05-27,true,redirect,n/a,correcto_es_un_redirect_301_gsc_solo_lo_agrupo_bajo_noindex
https://www.kronosolopromocionales.com/productos/toalla-golf-toalla-de-mano-tundida-acabado-fino-7379/,2026-05-26,true,product,true,CONTRADICCION_local_indexable_hoy_pero_gsc_vio_noindex_probable_crawl_desactualizado
https://www.kronosolopromocionales.com/productos/set-bbq-stanton-9172/,2026-05-25,true,product,false,confirmado_noindex_intencional_local
https://www.kronosolopromocionales.com/productos/organizador-multiusos-lyra-10675-3379/,2026-05-25,true,redirect,n/a,correcto_es_un_redirect_301_gsc_solo_lo_agrupo_bajo_noindex
https://www.kronosolopromocionales.com/productos/mini-libreta-con-boligrafo-tavish-8668/,2026-05-25,true,product,true,CONTRADICCION_local_indexable_hoy_pero_gsc_vio_noindex_probable_crawl_desactualizado
https://www.kronosolopromocionales.com/productos/set-bbq-stanton-9172-2753/,2026-05-25,true,redirect,n/a,correcto_es_un_redirect_301_gsc_solo_lo_agrupo_bajo_noindex
https://www.kronosolopromocionales.com/productos/boligrafo-infinity-2-1-oferta-9962-3633/,2026-05-25,true,redirect,n/a,correcto_es_un_redirect_301_gsc_solo_lo_agrupo_bajo_noindex
https://www.kronosolopromocionales.com/productos/funda-en-silicona-para-cp-242-colapsible-de-60ml-oferta-9492-3890/,2026-05-25,true,redirect,n/a,correcto_es_un_redirect_301_gsc_solo_lo_agrupo_bajo_noindex
https://www.kronosolopromocionales.com/productos/espejo-bamboo-max-10323-3886/,2026-05-25,true,redirect,n/a,correcto_es_un_redirect_301_gsc_solo_lo_agrupo_bajo_noindex
https://www.kronosolopromocionales.com/productos/set-memo-pad-eco-10099/,2026-05-24,true,product,true,CONTRADICCION_local_indexable_hoy_pero_gsc_vio_noindex_probable_crawl_desactualizado
https://www.kronosolopromocionales.com/productos/set-de-herramientas-neumatic-5373-3782/,2026-05-24,true,redirect,n/a,correcto_es_un_redirect_301_gsc_solo_lo_agrupo_bajo_noindex
https://www.kronosolopromocionales.com/productos/set-de-queso-edam-8486-2739/,2026-05-24,true,redirect,n/a,correcto_es_un_redirect_301_gsc_solo_lo_agrupo_bajo_noindex
https://www.kronosolopromocionales.com/productos/trolley-morral-backpack-urban-travel-7609/,2026-05-23,true,product,true,CONTRADICCION_local_indexable_hoy_pero_gsc_vio_noindex_probable_crawl_desactualizado
https://www.kronosolopromocionales.com/productos/gel-antibacterial-color-30ml-oferta-9449/,2026-05-23,true,product,true,CONTRADICCION_local_indexable_hoy_pero_gsc_vio_noindex_probable_crawl_desactualizado
https://www.kronosolopromocionales.com/productos/puerto-usb-edon-6053/,2026-05-23,true,product,true,CONTRADICCION_local_indexable_hoy_pero_gsc_vio_noindex_probable_crawl_desactualizado
https://www.kronosolopromocionales.com/productos/set-de-bandas-elasticas-oferta-6560/,2026-05-23,true,product,true,CONTRADICCION_local_indexable_hoy_pero_gsc_vio_noindex_probable_crawl_desactualizado
https://www.kronosolopromocionales.com/productos/tajalapiz-plastico-school-10998-2395/,2026-05-23,true,redirect,n/a,correcto_es_un_redirect_301_gsc_solo_lo_agrupo_bajo_noindex
https://www.kronosolopromocionales.com/productos/localizador-de-llaves-7776/,2026-05-23,true,product,true,CONTRADICCION_local_indexable_hoy_pero_gsc_vio_noindex_probable_crawl_desactualizado
https://www.kronosolopromocionales.com/productos/estuche-aluminio-1061-3682/,2026-05-23,true,redirect,n/a,correcto_es_un_redirect_301_gsc_solo_lo_agrupo_bajo_noindex
https://www.kronosolopromocionales.com/productos/set-de-queso-cajun-9139-2752/,2026-05-23,true,redirect,n/a,correcto_es_un_redirect_301_gsc_solo_lo_agrupo_bajo_noindex
https://www.kronosolopromocionales.com/productos/mini-botilito-ergo-400ml-produccion-nacional-5484/,2026-05-23,true,product,true,CONTRADICCION_local_indexable_hoy_pero_gsc_vio_noindex_probable_crawl_desactualizado
https://www.kronosolopromocionales.com/productos/libreta-pollux-eco-11019-2919/,2026-05-23,true,redirect,n/a,correcto_es_un_redirect_301_gsc_solo_lo_agrupo_bajo_noindex
https://www.kronosolopromocionales.com/productos/set-de-viaje-swiss-peak-travel-10611-3372/,2026-05-22,true,redirect,n/a,correcto_es_un_redirect_301_gsc_solo_lo_agrupo_bajo_noindex
https://www.kronosolopromocionales.com/productos/vaso-twister-12-oz-san-produccion-nacional-5481/,2026-05-22,true,product,true,CONTRADICCION_local_indexable_hoy_pero_gsc_vio_noindex_probable_crawl_desactualizado
https://www.kronosolopromocionales.com/productos/lamont-6998-3661/,2026-05-22,true,redirect,n/a,correcto_es_un_redirect_301_gsc_solo_lo_agrupo_bajo_noindex
https://www.kronosolopromocionales.com/productos/ventura-bamboo-infinity-9918-3654/,2026-05-22,true,redirect,n/a,correcto_es_un_redirect_301_gsc_solo_lo_agrupo_bajo_noindex
https://www.kronosolopromocionales.com/productos/canguro-strike-urban-travel-10166-3466/,2026-05-22,true,redirect,n/a,correcto_es_un_redirect_301_gsc_solo_lo_agrupo_bajo_noindex
https://www.kronosolopromocionales.com/productos/cubo-pop-it-10973-2403/,2026-05-22,true,redirect,n/a,correcto_es_un_redirect_301_gsc_solo_lo_agrupo_bajo_noindex
https://www.kronosolopromocionales.com/productos/morral-backpack-jinx-urban-travel-10163-3469/,2026-05-22,true,redirect,n/a,correcto_es_un_redirect_301_gsc_solo_lo_agrupo_bajo_noindex
https://www.kronosolopromocionales.com/productos/canguro-athos-rpet-10418-3350/,2026-05-22,true,redirect,n/a,correcto_es_un_redirect_301_gsc_solo_lo_agrupo_bajo_noindex
https://www.kronosolopromocionales.com/productos/sticky-set-en-trigo-wheat-eco-9678/,2026-05-22,true,product,true,CONTRADICCION_local_indexable_hoy_pero_gsc_vio_noindex_probable_crawl_desactualizado
https://www.kronosolopromocionales.com/productos/paraguas-scorpius-urban-travel-21-10588-3848/,2026-05-22,true,redirect,n/a,correcto_es_un_redirect_301_gsc_solo_lo_agrupo_bajo_noindex
https://www.kronosolopromocionales.com/productos/mini-paraguas-strap-21-6201/,2026-05-22,true,product,true,CONTRADICCION_local_indexable_hoy_pero_gsc_vio_noindex_probable_crawl_desactualizado
https://www.kronosolopromocionales.com/productos/sporty-bag-sencilla-ii-rpet-10686/,2026-05-22,true,product,true,CONTRADICCION_local_indexable_hoy_pero_gsc_vio_noindex_probable_crawl_desactualizado
https://www.kronosolopromocionales.com/productos/carabinero-3100-3815/,2026-05-22,true,redirect,n/a,correcto_es_un_redirect_301_gsc_solo_lo_agrupo_bajo_noindex
https://www.kronosolopromocionales.com/productos/portatacos-con-portalapices-produccion-nacional-7496/,2026-05-22,true,product,true,CONTRADICCION_local_indexable_hoy_pero_gsc_vio_noindex_probable_crawl_desactualizado
https://www.kronosolopromocionales.com/productos/boligrafo-lolly-bamboo-eco-9913-3642/,2026-05-22,true,redirect,n/a,correcto_es_un_redirect_301_gsc_solo_lo_agrupo_bajo_noindex
https://www.kronosolopromocionales.com/productos/pastillero-dharma-7786/,2026-05-22,true,product,true,CONTRADICCION_local_indexable_hoy_pero_gsc_vio_noindex_probable_crawl_desactualizado
https://www.kronosolopromocionales.com/productos/mini-libreta-forest-6189/,2026-05-22,true,product,true,CONTRADICCION_local_indexable_hoy_pero_gsc_vio_noindex_probable_crawl_desactualizado
https://www.kronosolopromocionales.com/productos/nevera-cooler-bag-soccer-ball-produccion-nacional-8291/,2026-05-22,true,product,true,CONTRADICCION_local_indexable_hoy_pero_gsc_vio_noindex_probable_crawl_desactualizado
https://www.kronosolopromocionales.com/productos/gancho-portacartera-1710/,2026-05-22,true,product,true,CONTRADICCION_local_indexable_hoy_pero_gsc_vio_noindex_probable_crawl_desactualizado
https://www.kronosolopromocionales.com/productos/alcancia-estrella-16cm-produccion-nacional-7768/,2026-05-22,true,product,true,CONTRADICCION_local_indexable_hoy_pero_gsc_vio_noindex_probable_crawl_desactualizado
https://www.kronosolopromocionales.com/productos/destapador-electrico-cork-9964/,2026-05-22,true,product,true,CONTRADICCION_local_indexable_hoy_pero_gsc_vio_noindex_probable_crawl_desactualizado
https://www.kronosolopromocionales.com/productos/morral-backpack-catoy-9211-3448/,2026-05-22,true,redirect,n/a,correcto_es_un_redirect_301_gsc_solo_lo_agrupo_bajo_noindex
https://www.kronosolopromocionales.com/productos/lapiz-golf-pencil-11005-3918/,2026-05-22,true,redirect,n/a,correcto_es_un_redirect_301_gsc_solo_lo_agrupo_bajo_noindex
https://www.kronosolopromocionales.com/productos/ventilador-spray-10923-2401/,2026-05-21,true,redirect,n/a,correcto_es_un_redirect_301_gsc_solo_lo_agrupo_bajo_noindex
https://www.kronosolopromocionales.com/productos/bolsa-metalizada-6933-3418/,2026-05-21,true,redirect,n/a,correcto_es_un_redirect_301_gsc_solo_lo_agrupo_bajo_noindex
https://www.kronosolopromocionales.com/productos/morral-backpack-bizz-20-10763-3384/,2026-05-21,true,redirect,n/a,correcto_es_un_redirect_301_gsc_solo_lo_agrupo_bajo_noindex
https://www.kronosolopromocionales.com/productos/set-de-crayolas-x-6-5436/,2026-05-21,true,product,true,CONTRADICCION_local_indexable_hoy_pero_gsc_vio_noindex_probable_crawl_desactualizado
https://www.kronosolopromocionales.com/productos/talbot-2-1-oferta-7016-3658/,2026-05-21,true,redirect,n/a,correcto_es_un_redirect_301_gsc_solo_lo_agrupo_bajo_noindex
https://www.kronosolopromocionales.com/productos/morral-backpack-nordic-oferta-7060-3405/,2026-05-21,true,redirect,n/a,correcto_es_un_redirect_301_gsc_solo_lo_agrupo_bajo_noindex
https://www.kronosolopromocionales.com/productos/boligrafo-bamboo-9317-3722/,2026-05-21,true,redirect,n/a,correcto_es_un_redirect_301_gsc_solo_lo_agrupo_bajo_noindex
https://www.kronosolopromocionales.com/productos/toalla-cool-sport-box-9524/,2026-05-21,true,product,true,CONTRADICCION_local_indexable_hoy_pero_gsc_vio_noindex_probable_crawl_desactualizado
https://www.kronosolopromocionales.com/productos/botilito-metalico-vortex-600ml-9550/,2026-05-21,true,product,true,CONTRADICCION_local_indexable_hoy_pero_gsc_vio_noindex_probable_crawl_desactualizado
https://www.kronosolopromocionales.com/productos/botilito-metalico-wolfgang-500-ml-8531-3573/,2026-05-21,true,redirect,n/a,correcto_es_un_redirect_301_gsc_solo_lo_agrupo_bajo_noindex
https://www.kronosolopromocionales.com/productos/metro-neumatic-5374-3785/,2026-05-21,true,redirect,n/a,correcto_es_un_redirect_301_gsc_solo_lo_agrupo_bajo_noindex
https://www.kronosolopromocionales.com/productos/boligrafo-jovi-eco-9844-3743/,2026-05-21,true,redirect,n/a,correcto_es_un_redirect_301_gsc_solo_lo_agrupo_bajo_noindex
https://www.kronosolopromocionales.com/productos/ventura-stylus-5058-3666/,2026-05-21,true,redirect,n/a,correcto_es_un_redirect_301_gsc_solo_lo_agrupo_bajo_noindex
https://www.kronosolopromocionales.com/productos/set-elegance-boligrafo-y-portaminas-7356-3697/,2026-05-21,true,redirect,n/a,correcto_es_un_redirect_301_gsc_solo_lo_agrupo_bajo_noindex
https://www.kronosolopromocionales.com/productos/lapiz-eco-natural-13205/,2026-05-21,true,product,true,CONTRADICCION_local_indexable_hoy_pero_gsc_vio_noindex_probable_crawl_desactualizado
https://www.kronosolopromocionales.com/productos/comprimidos-produccion-nacional-5605/,2026-05-21,true,product,true,CONTRADICCION_local_indexable_hoy_pero_gsc_vio_noindex_probable_crawl_desactualizado
https://www.kronosolopromocionales.com/productos/kaiser-stylus-7342-3690/,2026-05-21,true,redirect,n/a,correcto_es_un_redirect_301_gsc_solo_lo_agrupo_bajo_noindex
https://www.kronosolopromocionales.com/productos/llavero-destapador-house-10408/,2026-05-21,true,product,true,CONTRADICCION_local_indexable_hoy_pero_gsc_vio_noindex_probable_crawl_desactualizado
https://www.kronosolopromocionales.com/productos/maletin-trolley-florida-weekend-oferta-4888-3421/,2026-05-21,true,redirect,n/a,correcto_es_un_redirect_301_gsc_solo_lo_agrupo_bajo_noindex
https://www.kronosolopromocionales.com/productos/pastillero-giratorio-7388/,2026-05-21,true,product,true,CONTRADICCION_local_indexable_hoy_pero_gsc_vio_noindex_probable_crawl_desactualizado
https://www.kronosolopromocionales.com/productos/portatarjetas-con-organizador-de-cables-8109-3286/,2026-05-21,true,redirect,n/a,correcto_es_un_redirect_301_gsc_solo_lo_agrupo_bajo_noindex
https://www.kronosolopromocionales.com/productos/morral-backpack-king-urban-travel-9599/,2026-05-21,true,product,true,CONTRADICCION_local_indexable_hoy_pero_gsc_vio_noindex_probable_crawl_desactualizado
https://www.kronosolopromocionales.com/productos/boligrafo-ventura-barril-plata-1658-3668/,2026-05-21,true,redirect,n/a,correcto_es_un_redirect_301_gsc_solo_lo_agrupo_bajo_noindex
https://www.kronosolopromocionales.com/productos/hielera-plastica-produccion-nacional-4056/,2026-05-21,true,product,true,CONTRADICCION_local_indexable_hoy_pero_gsc_vio_noindex_probable_crawl_desactualizado
https://www.kronosolopromocionales.com/productos/set-enfriador-de-vino-chill-9753/,2026-05-21,true,product,true,CONTRADICCION_local_indexable_hoy_pero_gsc_vio_noindex_probable_crawl_desactualizado
https://www.kronosolopromocionales.com/productos/cordon-para-portacelular-holder-eco-10511-2893/,2026-05-21,true,redirect,n/a,correcto_es_un_redirect_301_gsc_solo_lo_agrupo_bajo_noindex
https://www.kronosolopromocionales.com/productos/portatarjetas-plastico-produccion-nacional-4462/,2026-05-21,true,product,true,CONTRADICCION_local_indexable_hoy_pero_gsc_vio_noindex_probable_crawl_desactualizado
https://www.kronosolopromocionales.com/productos/cinta-portacarnet-puzzle-10833-2402/,2026-05-21,true,redirect,n/a,correcto_es_un_redirect_301_gsc_solo_lo_agrupo_bajo_noindex
https://www.kronosolopromocionales.com/productos/sporty-bag-kidz-con-diseno-8179/,2026-05-21,true,product,true,CONTRADICCION_local_indexable_hoy_pero_gsc_vio_noindex_probable_crawl_desactualizado
https://www.kronosolopromocionales.com/productos/boligrafo-merrick-10444-3620/,2026-05-21,true,redirect,n/a,correcto_es_un_redirect_301_gsc_solo_lo_agrupo_bajo_noindex
https://www.kronosolopromocionales.com/productos/alcancia-mini-piggy-5134/,2026-05-21,true,product,true,CONTRADICCION_local_indexable_hoy_pero_gsc_vio_noindex_probable_crawl_desactualizado
https://www.kronosolopromocionales.com/productos/speaker-bluetooth-rainbow-8656/,2026-05-21,true,product,true,CONTRADICCION_local_indexable_hoy_pero_gsc_vio_noindex_probable_crawl_desactualizado
https://www.kronosolopromocionales.com/productos/nevera-cooler-bag-trolley-1073-3425/,2026-05-21,true,redirect,n/a,correcto_es_un_redirect_301_gsc_solo_lo_agrupo_bajo_noindex
https://www.kronosolopromocionales.com/productos/descorchador-de-dos-tiempos-kiblack-3958/,2026-05-21,true,product,true,CONTRADICCION_local_indexable_hoy_pero_gsc_vio_noindex_probable_crawl_desactualizado
https://www.kronosolopromocionales.com/productos/espejo-doble-tod-oferta-9091/,2026-05-21,true,product,true,CONTRADICCION_local_indexable_hoy_pero_gsc_vio_noindex_probable_crawl_desactualizado
https://www.kronosolopromocionales.com/productos/mug-ceramica-cuadrado-10-oz-1591/,2026-05-21,true,product,true,CONTRADICCION_local_indexable_hoy_pero_gsc_vio_noindex_probable_crawl_desactualizado
https://www.kronosolopromocionales.com/productos/metro-carabinero-stanley-5371-3786/,2026-05-21,true,redirect,n/a,correcto_es_un_redirect_301_gsc_solo_lo_agrupo_bajo_noindex
https://www.kronosolopromocionales.com/productos/bowl-plastico-produccion-nacional-7611/,2026-05-21,true,product,true,CONTRADICCION_local_indexable_hoy_pero_gsc_vio_noindex_probable_crawl_desactualizado
https://www.kronosolopromocionales.com/productos/mug-metalico-para-sublimacion-galileo-450ml-9969/,2026-05-21,true,product,true,CONTRADICCION_local_indexable_hoy_pero_gsc_vio_noindex_probable_crawl_desactualizado
https://www.kronosolopromocionales.com/productos/libreta-con-boligrafo-gulliver-eco-4036/,2026-05-21,true,product,true,CONTRADICCION_local_indexable_hoy_pero_gsc_vio_noindex_probable_crawl_desactualizado
https://www.kronosolopromocionales.com/productos/memoria-usb-mini-crystal-precio-neto-5883/,2026-05-21,true,product,true,CONTRADICCION_local_indexable_hoy_pero_gsc_vio_noindex_probable_crawl_desactualizado
https://www.kronosolopromocionales.com/productos/reloj-de-pared-wall-metal-clock-2693-3940/,2026-05-21,true,redirect,n/a,correcto_es_un_redirect_301_gsc_solo_lo_agrupo_bajo_noindex
https://www.kronosolopromocionales.com/productos/vaso-triangular-250ml-produccion-nacional-3274/,2026-05-21,true,product,true,CONTRADICCION_local_indexable_hoy_pero_gsc_vio_noindex_probable_crawl_desactualizado
https://www.kronosolopromocionales.com/productos/llavero-corcho-oferta-8884-3831/,2026-05-21,true,redirect,n/a,correcto_es_un_redirect_301_gsc_solo_lo_agrupo_bajo_noindex
https://www.kronosolopromocionales.com/productos/bolsa-portapapeles-produccion-nacional-4058/,2026-05-21,true,product,true,CONTRADICCION_local_indexable_hoy_pero_gsc_vio_noindex_probable_crawl_desactualizado
https://www.kronosolopromocionales.com/productos/termo-bamboo-500ml-9771/,2026-05-21,true,product,true,CONTRADICCION_local_indexable_hoy_pero_gsc_vio_noindex_probable_crawl_desactualizado
https://www.kronosolopromocionales.com/productos/morral-backpack-antirrobo-bobby-soft-9831-3399/,2026-05-21,true,redirect,n/a,correcto_es_un_redirect_301_gsc_solo_lo_agrupo_bajo_noindex
https://www.kronosolopromocionales.com/productos/set-de-boligrafos-cork-10039-3650/,2026-05-21,true,redirect,n/a,correcto_es_un_redirect_301_gsc_solo_lo_agrupo_bajo_noindex
https://www.kronosolopromocionales.com/productos/soporte-para-moviles-nixon-10120/,2026-05-21,true,product,true,CONTRADICCION_local_indexable_hoy_pero_gsc_vio_noindex_probable_crawl_desactualizado
https://www.kronosolopromocionales.com/productos/akker-bbq-electrico-10369-2668/,2026-05-21,true,redirect,n/a,correcto_es_un_redirect_301_gsc_solo_lo_agrupo_bajo_noindex
https://www.kronosolopromocionales.com/productos/libreta-cork-9111-3084/,2026-05-21,true,redirect,n/a,correcto_es_un_redirect_301_gsc_solo_lo_agrupo_bajo_noindex
https://www.kronosolopromocionales.com/productos/botilito-metalico-murphy-750ml-10503-3503/,2026-05-21,true,redirect,n/a,correcto_es_un_redirect_301_gsc_solo_lo_agrupo_bajo_noindex
https://www.kronosolopromocionales.com/productos/torre-de-madera-skill-2-11151-3912/,2026-05-21,true,redirect,n/a,correcto_es_un_redirect_301_gsc_solo_lo_agrupo_bajo_noindex
https://www.kronosolopromocionales.com/productos/libreta-legend-rpet-10096-2961/,2026-05-21,true,redirect,n/a,correcto_es_un_redirect_301_gsc_solo_lo_agrupo_bajo_noindex
https://www.kronosolopromocionales.com/productos/paraguas-trendy-poliester-27-fibra-de-vidrio-5693/,2026-05-21,true,product,true,CONTRADICCION_local_indexable_hoy_pero_gsc_vio_noindex_probable_crawl_desactualizado
https://www.kronosolopromocionales.com/productos/clip-portamensajes-car-4214/,2026-05-21,true,product,true,CONTRADICCION_local_indexable_hoy_pero_gsc_vio_noindex_probable_crawl_desactualizado
https://www.kronosolopromocionales.com/productos/set-de-viaje-swiss-peak-travel-10611/,2026-05-21,true,product,true,CONTRADICCION_local_indexable_hoy_pero_gsc_vio_noindex_probable_crawl_desactualizado
https://www.kronosolopromocionales.com/productos/morral-backpack-retro-produccion-nacional-7697/,2026-05-21,true,product,true,CONTRADICCION_local_indexable_hoy_pero_gsc_vio_noindex_probable_crawl_desactualizado
https://www.kronosolopromocionales.com/productos/pulsera-inteligente-gym-9312/,2026-05-21,true,product,true,CONTRADICCION_local_indexable_hoy_pero_gsc_vio_noindex_probable_crawl_desactualizado
https://www.kronosolopromocionales.com/productos/llavero-linterna-carabinero-7425/,2026-05-21,true,product,true,CONTRADICCION_local_indexable_hoy_pero_gsc_vio_noindex_probable_crawl_desactualizado
https://www.kronosolopromocionales.com/productos/set-elegance-boligrafo-y-portaminas-7356/,2026-05-21,true,product,true,CONTRADICCION_local_indexable_hoy_pero_gsc_vio_noindex_probable_crawl_desactualizado
https://www.kronosolopromocionales.com/productos/boligrafo-hollow-eco-oferta-9840-3740/,2026-05-21,true,redirect,n/a,correcto_es_un_redirect_301_gsc_solo_lo_agrupo_bajo_noindex
https://www.kronosolopromocionales.com/productos/set-de-boligrafos-swiss-peak-luzern-8942-3723/,2026-05-21,true,redirect,n/a,correcto_es_un_redirect_301_gsc_solo_lo_agrupo_bajo_noindex
https://www.kronosolopromocionales.com/productos/morral-backpack-master-ocean-10668-3376/,2026-05-21,true,redirect,n/a,correcto_es_un_redirect_301_gsc_solo_lo_agrupo_bajo_noindex
https://www.kronosolopromocionales.com/productos/set-de-tablas-cuisine-oferta-9749-2655/,2026-05-21,true,redirect,n/a,correcto_es_un_redirect_301_gsc_solo_lo_agrupo_bajo_noindex
https://www.kronosolopromocionales.com/productos/speaker-bluetooth-rainbow-8656-3290/,2026-05-21,true,redirect,n/a,correcto_es_un_redirect_301_gsc_solo_lo_agrupo_bajo_noindex
https://www.kronosolopromocionales.com/productos/canguro-sandy-10569-3367/,2026-05-21,true,redirect,n/a,correcto_es_un_redirect_301_gsc_solo_lo_agrupo_bajo_noindex
https://www.kronosolopromocionales.com/productos/set-de-boligrafos-flock-oferta-10040/,2026-05-21,true,product,true,CONTRADICCION_local_indexable_hoy_pero_gsc_vio_noindex_probable_crawl_desactualizado
https://www.kronosolopromocionales.com/productos/funda-para-boligrafos-rpet-10443-3614/,2026-05-21,true,redirect,n/a,correcto_es_un_redirect_301_gsc_solo_lo_agrupo_bajo_noindex
https://www.kronosolopromocionales.com/productos/paraguas-osmond-21-10672-3849/,2026-05-21,true,redirect,n/a,correcto_es_un_redirect_301_gsc_solo_lo_agrupo_bajo_noindex
https://www.kronosolopromocionales.com/productos/sanduchera-plastica-produccion-nacional-8018/,2026-05-21,true,product,true,CONTRADICCION_local_indexable_hoy_pero_gsc_vio_noindex_probable_crawl_desactualizado
https://www.kronosolopromocionales.com/productos/estuche-multiusos-space-produccion-nacional-9620/,2026-05-21,true,product,true,CONTRADICCION_local_indexable_hoy_pero_gsc_vio_noindex_probable_crawl_desactualizado
https://www.kronosolopromocionales.com/productos/mouse-pad-cork-con-apoya-munecas-10557-2949/,2026-05-21,true,redirect,n/a,correcto_es_un_redirect_301_gsc_solo_lo_agrupo_bajo_noindex
https://www.kronosolopromocionales.com/productos/boligrafo-ashby-10428-3607/,2026-05-21,true,redirect,n/a,correcto_es_un_redirect_301_gsc_solo_lo_agrupo_bajo_noindex
https://www.kronosolopromocionales.com/productos/boligrafo-boost-13324/,2026-05-21,true,product,true,CONTRADICCION_local_indexable_hoy_pero_gsc_vio_noindex_probable_crawl_desactualizado
https://www.kronosolopromocionales.com/productos/morral-backpack-soft-pack-10764-3385/,2026-05-21,true,redirect,n/a,correcto_es_un_redirect_301_gsc_solo_lo_agrupo_bajo_noindex
https://www.kronosolopromocionales.com/productos/regla-flexy-pvc-30cm-produccion-nacional-6848/,2026-05-21,true,product,true,CONTRADICCION_local_indexable_hoy_pero_gsc_vio_noindex_probable_crawl_desactualizado
https://www.kronosolopromocionales.com/productos/portacomidas-celebrity-10535-2666/,2026-05-21,true,redirect,n/a,correcto_es_un_redirect_301_gsc_solo_lo_agrupo_bajo_noindex
https://www.kronosolopromocionales.com/productos/portarretrato-kids-nuevo-13563-2039/,2026-05-21,true,redirect,n/a,correcto_es_un_redirect_301_gsc_solo_lo_agrupo_bajo_noindex
https://www.kronosolopromocionales.com/productos/portarretrato-cork-10530-2637/,2026-05-21,true,redirect,n/a,correcto_es_un_redirect_301_gsc_solo_lo_agrupo_bajo_noindex
https://www.kronosolopromocionales.com/productos/minimug-en-acero-con-tapa-180ml-3481-3553/,2026-05-21,true,redirect,n/a,correcto_es_un_redirect_301_gsc_solo_lo_agrupo_bajo_noindex
https://www.kronosolopromocionales.com/productos/libreta-con-boligrafo-recycle-eco-3384/,2026-05-21,true,product,true,CONTRADICCION_local_indexable_hoy_pero_gsc_vio_noindex_probable_crawl_desactualizado
https://www.kronosolopromocionales.com/productos/set-de-juego-chessman-11067-3921/,2026-05-21,true,redirect,n/a,correcto_es_un_redirect_301_gsc_solo_lo_agrupo_bajo_noindex
https://www.kronosolopromocionales.com/productos/advant-2-1-resaltador-cera-6609/,2026-05-21,true,product,true,CONTRADICCION_local_indexable_hoy_pero_gsc_vio_noindex_probable_crawl_desactualizado
https://www.kronosolopromocionales.com/productos/set-jersey-antibacteriano-9681/,2026-05-21,true,product,true,CONTRADICCION_local_indexable_hoy_pero_gsc_vio_noindex_probable_crawl_desactualizado
https://www.kronosolopromocionales.com/productos/lapiz-infinity-eco-9841-3741/,2026-05-21,true,redirect,n/a,correcto_es_un_redirect_301_gsc_solo_lo_agrupo_bajo_noindex
https://www.kronosolopromocionales.com/productos/morral-backpack-kepler-urban-travel-10164-3468/,2026-05-21,true,redirect,n/a,correcto_es_un_redirect_301_gsc_solo_lo_agrupo_bajo_noindex
https://www.kronosolopromocionales.com/productos/balmax-stylus-7330/,2026-05-21,true,product,true,CONTRADICCION_local_indexable_hoy_pero_gsc_vio_noindex_probable_crawl_desactualizado
https://www.kronosolopromocionales.com/productos/carpeta-folder-congress-produccion-nacional-7090/,2026-05-21,true,product,true,CONTRADICCION_local_indexable_hoy_pero_gsc_vio_noindex_probable_crawl_desactualizado
https://www.kronosolopromocionales.com/productos/portacomidas-electrico-6599-2721/,2026-05-21,true,redirect,n/a,correcto_es_un_redirect_301_gsc_solo_lo_agrupo_bajo_noindex
https://www.kronosolopromocionales.com/productos/tapa-pestana-para-botilito-saturno-7686-3599/,2026-05-21,true,redirect,n/a,correcto_es_un_redirect_301_gsc_solo_lo_agrupo_bajo_noindex
https://www.kronosolopromocionales.com/productos/mini-monedero-en-silicona-6241-2436/,2026-05-21,true,redirect,n/a,correcto_es_un_redirect_301_gsc_solo_lo_agrupo_bajo_noindex
https://www.kronosolopromocionales.com/productos/pvc-memoria-usb-soccer-ver-of-228-ch-oferta-9929/,2026-05-21,true,product,true,CONTRADICCION_local_indexable_hoy_pero_gsc_vio_noindex_probable_crawl_desactualizado
https://www.kronosolopromocionales.com/productos/nevera-cooler-lunchy-8157/,2026-05-21,true,product,true,CONTRADICCION_local_indexable_hoy_pero_gsc_vio_noindex_probable_crawl_desactualizado
https://www.kronosolopromocionales.com/productos/set-de-boligrafo-y-libreta-swiss-peak-lux-9568/,2026-05-21,true,product,true,CONTRADICCION_local_indexable_hoy_pero_gsc_vio_noindex_probable_crawl_desactualizado
https://www.kronosolopromocionales.com/productos/canguro-snap-rpet-10419-3351/,2026-05-21,true,redirect,n/a,correcto_es_un_redirect_301_gsc_solo_lo_agrupo_bajo_noindex
https://www.kronosolopromocionales.com/productos/grayson-stylus-6992-3662/,2026-05-21,true,redirect,n/a,correcto_es_un_redirect_301_gsc_solo_lo_agrupo_bajo_noindex
https://www.kronosolopromocionales.com/productos/pesa-de-viaje-digital-6262-2461/,2026-05-21,true,redirect,n/a,correcto_es_un_redirect_301_gsc_solo_lo_agrupo_bajo_noindex
https://www.kronosolopromocionales.com/productos/set-bbq-con-delantal-9711-2649/,2026-05-21,true,redirect,n/a,correcto_es_un_redirect_301_gsc_solo_lo_agrupo_bajo_noindex
https://www.kronosolopromocionales.com/productos/reloj-de-pared-colors-produccion-nacional-9863/,2026-05-21,true,product,true,CONTRADICCION_local_indexable_hoy_pero_gsc_vio_noindex_probable_crawl_desactualizado
https://www.kronosolopromocionales.com/productos/estuche-metalico-para-memoria-usb-oferta-2542/,2026-05-21,true,product,true,CONTRADICCION_local_indexable_hoy_pero_gsc_vio_noindex_probable_crawl_desactualizado
https://www.kronosolopromocionales.com/productos/morral-backpack-derex-8541-3444/,2026-05-21,true,redirect,n/a,correcto_es_un_redirect_301_gsc_solo_lo_agrupo_bajo_noindex
https://www.kronosolopromocionales.com/productos/bbq-grill-cook-9623-2773/,2026-05-21,true,redirect,n/a,correcto_es_un_redirect_301_gsc_solo_lo_agrupo_bajo_noindex
https://www.kronosolopromocionales.com/productos/portacomida-sencillo-con-cubiertos-produccion-nacional-5389/,2026-05-21,true,product,true,CONTRADICCION_local_indexable_hoy_pero_gsc_vio_noindex_probable_crawl_desactualizado
https://www.kronosolopromocionales.com/productos/morral-backpack-antirrobo-chili-9834-3401/,2026-05-21,true,redirect,n/a,correcto_es_un_redirect_301_gsc_solo_lo_agrupo_bajo_noindex
https://www.kronosolopromocionales.com/productos/libreta-igor-bamboo-10309-2975/,2026-05-21,true,redirect,n/a,correcto_es_un_redirect_301_gsc_solo_lo_agrupo_bajo_noindex
https://www.kronosolopromocionales.com/productos/floyd-stylus-5837-3679/,2026-05-21,true,redirect,n/a,correcto_es_un_redirect_301_gsc_solo_lo_agrupo_bajo_noindex
https://www.kronosolopromocionales.com/productos/speaker-bluetooth-retro-bamboo-9923/,2026-05-21,true,product,true,CONTRADICCION_local_indexable_hoy_pero_gsc_vio_noindex_probable_crawl_desactualizado
https://www.kronosolopromocionales.com/productos/memoria-usb-carabinero-precio-neto-oferta-4727/,2026-05-21,true,product,true,CONTRADICCION_local_indexable_hoy_pero_gsc_vio_noindex_probable_crawl_desactualizado
https://www.kronosolopromocionales.com/productos/portapasaporte-security-7599-3433/,2026-05-21,true,redirect,n/a,correcto_es_un_redirect_301_gsc_solo_lo_agrupo_bajo_noindex
https://www.kronosolopromocionales.com/productos/eco-pet-9391-3731/,2026-05-21,true,redirect,n/a,correcto_es_un_redirect_301_gsc_solo_lo_agrupo_bajo_noindex
https://www.kronosolopromocionales.com/productos/agarradera-para-bolso-compacto-con-carabinero-3258/,2026-05-21,true,product,true,CONTRADICCION_local_indexable_hoy_pero_gsc_vio_noindex_probable_crawl_desactualizado
https://www.kronosolopromocionales.com/productos/botilito-en-aluminio-para-sublimacion-parsons-750ml-9968-3523/,2026-05-21,true,redirect,n/a,correcto_es_un_redirect_301_gsc_solo_lo_agrupo_bajo_noindex
https://www.kronosolopromocionales.com/productos/marvel-stylus-6366-3663/,2026-05-21,true,redirect,n/a,correcto_es_un_redirect_301_gsc_solo_lo_agrupo_bajo_noindex
https://www.kronosolopromocionales.com/productos/set-de-herramientas-handle-9533/,2026-05-21,true,product,true,CONTRADICCION_local_indexable_hoy_pero_gsc_vio_noindex_probable_crawl_desactualizado
https://www.kronosolopromocionales.com/productos/set-de-herramientas-con-lampara-led-precio-bomba-10250/,2026-05-21,true,product,true,CONTRADICCION_local_indexable_hoy_pero_gsc_vio_noindex_probable_crawl_desactualizado
https://www.kronosolopromocionales.com/productos/vaso-yumbo-32oz-produccion-nacional-11149-3892/,2026-05-21,true,redirect,n/a,correcto_es_un_redirect_301_gsc_solo_lo_agrupo_bajo_noindex
https://www.kronosolopromocionales.com/productos/speaker-bluetooth-zero-boompods-10591-3317/,2026-05-21,true,redirect,n/a,correcto_es_un_redirect_301_gsc_solo_lo_agrupo_bajo_noindex
https://www.kronosolopromocionales.com/productos/organizador-de-escritorio-bamboo-con-cargador-oferta-9268/,2026-05-21,true,product,true,CONTRADICCION_local_indexable_hoy_pero_gsc_vio_noindex_probable_crawl_desactualizado
https://www.kronosolopromocionales.com/productos/abanico-2697-2459/,2026-05-21,true,redirect,n/a,correcto_es_un_redirect_301_gsc_solo_lo_agrupo_bajo_noindex
https://www.kronosolopromocionales.com/productos/boligrafo-ventura-bamboo-natural-9905-3748/,2026-05-21,true,redirect,n/a,correcto_es_un_redirect_301_gsc_solo_lo_agrupo_bajo_noindex
https://www.kronosolopromocionales.com/productos/set-de-queso-italy-10057-2695/,2026-05-21,true,redirect,n/a,correcto_es_un_redirect_301_gsc_solo_lo_agrupo_bajo_noindex
https://www.kronosolopromocionales.com/productos/juego-cartas-y-domino-eco-11013-3919/,2026-05-21,true,redirect,n/a,correcto_es_un_redirect_301_gsc_solo_lo_agrupo_bajo_noindex
https://www.kronosolopromocionales.com/productos/soporte-para-moviles-jet-10706-3244/,2026-05-21,true,redirect,n/a,correcto_es_un_redirect_301_gsc_solo_lo_agrupo_bajo_noindex
https://www.kronosolopromocionales.com/productos/gota-antiestres-7597/,2026-05-21,true,product,true,CONTRADICCION_local_indexable_hoy_pero_gsc_vio_noindex_probable_crawl_desactualizado
https://www.kronosolopromocionales.com/productos/mezclador-en-acero-inoxidable-6701-3565/,2026-05-21,true,redirect,n/a,correcto_es_un_redirect_301_gsc_solo_lo_agrupo_bajo_noindex
https://www.kronosolopromocionales.com/productos/morral-backpack-alpha-10333-3375/,2026-05-21,true,redirect,n/a,correcto_es_un_redirect_301_gsc_solo_lo_agrupo_bajo_noindex
https://www.kronosolopromocionales.com/productos/linterna-de-9-leds-flynt-5753-3935/,2026-05-21,true,redirect,n/a,correcto_es_un_redirect_301_gsc_solo_lo_agrupo_bajo_noindex
https://www.kronosolopromocionales.com/productos/metro-arkitect-809-3788/,2026-05-21,true,redirect,n/a,correcto_es_un_redirect_301_gsc_solo_lo_agrupo_bajo_noindex
https://www.kronosolopromocionales.com/productos/banda-elastica-doble-7959/,2026-05-21,true,product,true,CONTRADICCION_local_indexable_hoy_pero_gsc_vio_noindex_probable_crawl_desactualizado
https://www.kronosolopromocionales.com/productos/visera-trucker-10895-3931/,2026-05-21,true,redirect,n/a,correcto_es_un_redirect_301_gsc_solo_lo_agrupo_bajo_noindex
https://www.kronosolopromocionales.com/productos/speaker-bluetooth-barack-8135-3288/,2026-05-21,true,redirect,n/a,correcto_es_un_redirect_301_gsc_solo_lo_agrupo_bajo_noindex
https://www.kronosolopromocionales.com/productos/linterna-tom-10374-3937/,2026-05-21,true,redirect,n/a,correcto_es_un_redirect_301_gsc_solo_lo_agrupo_bajo_noindex
https://www.kronosolopromocionales.com/productos/vaso-plastico-new-york-23-oz-produccion-nacional-8714/,2026-05-21,true,product,true,CONTRADICCION_local_indexable_hoy_pero_gsc_vio_noindex_probable_crawl_desactualizado
https://www.kronosolopromocionales.com/productos/multiorganizador-para-cartera-y-maletin-6562/,2026-05-21,true,product,true,CONTRADICCION_local_indexable_hoy_pero_gsc_vio_noindex_probable_crawl_desactualizado
https://www.kronosolopromocionales.com/productos/maletin-neo-urban-travel-10550-3357/,2026-05-21,true,redirect,n/a,correcto_es_un_redirect_301_gsc_solo_lo_agrupo_bajo_noindex
https://www.kronosolopromocionales.com/productos/ventura-resaltador-cera-5709-3675/,2026-05-20,true,redirect,n/a,correcto_es_un_redirect_301_gsc_solo_lo_agrupo_bajo_noindex
https://www.kronosolopromocionales.com/productos/ventura-frost-4500-3667/,2026-05-20,true,redirect,n/a,correcto_es_un_redirect_301_gsc_solo_lo_agrupo_bajo_noindex
https://www.kronosolopromocionales.com/productos/llavero-casco-8753-3826/,2026-05-20,true,redirect,n/a,correcto_es_un_redirect_301_gsc_solo_lo_agrupo_bajo_noindex
https://www.kronosolopromocionales.com/productos/juego-de-raquetas-wood-beach-10380-3913/,2026-05-20,true,redirect,n/a,correcto_es_un_redirect_301_gsc_solo_lo_agrupo_bajo_noindex
https://www.kronosolopromocionales.com/productos/metro-llavero-truck-8441-3798/,2026-05-20,true,redirect,n/a,correcto_es_un_redirect_301_gsc_solo_lo_agrupo_bajo_noindex
https://www.kronosolopromocionales.com/productos/reloj-quincy-produccion-nacional-7628/,2026-05-20,true,product,true,CONTRADICCION_local_indexable_hoy_pero_gsc_vio_noindex_probable_crawl_desactualizado
https://www.kronosolopromocionales.com/productos/set-de-cubiertos-metalicos-rpet-10435-2665/,2026-05-20,true,redirect,n/a,correcto_es_un_redirect_301_gsc_solo_lo_agrupo_bajo_noindex
https://www.kronosolopromocionales.com/productos/organizador-cosmet-9604/,2026-05-20,true,product,true,CONTRADICCION_local_indexable_hoy_pero_gsc_vio_noindex_probable_crawl_desactualizado
https://www.kronosolopromocionales.com/productos/puerto-usb-ruler-bamboo-10814-3263/,2026-05-20,true,redirect,n/a,correcto_es_un_redirect_301_gsc_solo_lo_agrupo_bajo_noindex
https://www.kronosolopromocionales.com/productos/llavero-ml-402-10407-3946/,2026-05-20,true,redirect,n/a,correcto_es_un_redirect_301_gsc_solo_lo_agrupo_bajo_noindex
https://www.kronosolopromocionales.com/productos/libreta-igor-80-hojas-6843-3027/,2026-05-20,true,redirect,n/a,correcto_es_un_redirect_301_gsc_solo_lo_agrupo_bajo_noindex
https://www.kronosolopromocionales.com/productos/set-de-boligrafos-swiss-peak-luzern-8942/,2026-05-20,true,product,true,CONTRADICCION_local_indexable_hoy_pero_gsc_vio_noindex_probable_crawl_desactualizado
https://www.kronosolopromocionales.com/productos/soporte-para-moviles-nixon-bamboo-10339-3225/,2026-05-20,true,redirect,n/a,correcto_es_un_redirect_301_gsc_solo_lo_agrupo_bajo_noindex
https://www.kronosolopromocionales.com/productos/aplausometro-redondo-produccion-nacional-5685/,2026-05-20,true,product,true,CONTRADICCION_local_indexable_hoy_pero_gsc_vio_noindex_probable_crawl_desactualizado
https://www.kronosolopromocionales.com/productos/mug-metalico-moritz-450-ml-8526/,2026-05-20,true,product,true,CONTRADICCION_local_indexable_hoy_pero_gsc_vio_noindex_probable_crawl_desactualizado
https://www.kronosolopromocionales.com/productos/maletin-portadocumentos-urban-travel-7606-3436/,2026-05-20,true,redirect,n/a,correcto_es_un_redirect_301_gsc_solo_lo_agrupo_bajo_noindex
https://www.kronosolopromocionales.com/productos/boligrafo-brink-stylus-9835-3736/,2026-05-20,true,redirect,n/a,correcto_es_un_redirect_301_gsc_solo_lo_agrupo_bajo_noindex
https://www.kronosolopromocionales.com/productos/vaso-cuadrado-7oz-cristal-produccion-nacional-5479/,2026-05-20,true,product,true,CONTRADICCION_local_indexable_hoy_pero_gsc_vio_noindex_probable_crawl_desactualizado
https://www.kronosolopromocionales.com/productos/organizador-de-escritorio-harmony-produccion-nacional-7056/,2026-05-20,true,product,true,CONTRADICCION_local_indexable_hoy_pero_gsc_vio_noindex_probable_crawl_desactualizado
https://www.kronosolopromocionales.com/productos/speaker-bluetooth-auralux-13471-2172/,2026-05-20,true,redirect,n/a,correcto_es_un_redirect_301_gsc_solo_lo_agrupo_bajo_noindex
https://www.kronosolopromocionales.com/productos/botilito-plastico-counter-650ml-9775/,2026-05-20,true,product,true,CONTRADICCION_local_indexable_hoy_pero_gsc_vio_noindex_probable_crawl_desactualizado
https://www.kronosolopromocionales.com/productos/libreta-igor-jumbo-11119/,2026-05-20,true,product,true,CONTRADICCION_local_indexable_hoy_pero_gsc_vio_noindex_probable_crawl_desactualizado
https://www.kronosolopromocionales.com/productos/hamond-stylus-8555-3712/,2026-05-20,true,redirect,n/a,correcto_es_un_redirect_301_gsc_solo_lo_agrupo_bajo_noindex
https://www.kronosolopromocionales.com/productos/morral-backpack-strings-9598-3457/,2026-05-20,true,redirect,n/a,correcto_es_un_redirect_301_gsc_solo_lo_agrupo_bajo_noindex
https://www.kronosolopromocionales.com/productos/aplausometro-triangular-produccion-nacional-5686/,2026-05-20,true,product,true,CONTRADICCION_local_indexable_hoy_pero_gsc_vio_noindex_probable_crawl_desactualizado
https://www.kronosolopromocionales.com/productos/carpeta-folder-a4-crown-5507-3021/,2026-05-20,true,redirect,n/a,correcto_es_un_redirect_301_gsc_solo_lo_agrupo_bajo_noindex
https://www.kronosolopromocionales.com/productos/golf-tees-7cm-10988-3916/,2026-05-20,true,redirect,n/a,correcto_es_un_redirect_301_gsc_solo_lo_agrupo_bajo_noindex
https://www.kronosolopromocionales.com/productos/mop-stylus-7345-3693/,2026-05-20,true,redirect,n/a,correcto_es_un_redirect_301_gsc_solo_lo_agrupo_bajo_noindex
https://www.kronosolopromocionales.com/productos/sporty-bag-metallic-oferta-9166-3451/,2026-05-20,true,redirect,n/a,correcto_es_un_redirect_301_gsc_solo_lo_agrupo_bajo_noindex
https://www.kronosolopromocionales.com/productos/carpeta-folder-sencillo-en-pvc-1888-3022/,2026-05-20,true,redirect,n/a,correcto_es_un_redirect_301_gsc_solo_lo_agrupo_bajo_noindex
https://www.kronosolopromocionales.com/productos/mini-masajeador-marilyn-9117/,2026-05-20,true,product,true,CONTRADICCION_local_indexable_hoy_pero_gsc_vio_noindex_probable_crawl_desactualizado
https://www.kronosolopromocionales.com/productos/linterna-recargable-morven-10816-3934/,2026-05-20,true,redirect,n/a,correcto_es_un_redirect_301_gsc_solo_lo_agrupo_bajo_noindex
https://www.kronosolopromocionales.com/productos/vaso-glitter-produccion-nacional-3277/,2026-05-20,true,product,true,CONTRADICCION_local_indexable_hoy_pero_gsc_vio_noindex_probable_crawl_desactualizado
https://www.kronosolopromocionales.com/productos/destapador-clip-produccion-nacional-4054/,2026-05-20,true,product,true,CONTRADICCION_local_indexable_hoy_pero_gsc_vio_noindex_probable_crawl_desactualizado
https://www.kronosolopromocionales.com/productos/alcancia-elefante-2-1-6410-2495/,2026-05-20,true,redirect,n/a,correcto_es_un_redirect_301_gsc_solo_lo_agrupo_bajo_noindex
https://www.kronosolopromocionales.com/productos/memo-sticky-set-bamboo-10100/,2026-05-20,true,product,true,CONTRADICCION_local_indexable_hoy_pero_gsc_vio_noindex_probable_crawl_desactualizado
https://www.kronosolopromocionales.com/productos/set-de-escritorio-en-pu-stickies-y-resaltadores-magicos-5503-2985/,2026-05-20,true,redirect,n/a,correcto_es_un_redirect_301_gsc_solo_lo_agrupo_bajo_noindex
https://www.kronosolopromocionales.com/productos/boligrafo-ventura-eco-fibra-de-trigo-9947-3749/,2026-05-20,true,redirect,n/a,correcto_es_un_redirect_301_gsc_solo_lo_agrupo_bajo_noindex
https://www.kronosolopromocionales.com/productos/focus-ii-resaltador-de-cera-6368-3674/,2026-05-20,true,redirect,n/a,correcto_es_un_redirect_301_gsc_solo_lo_agrupo_bajo_noindex
https://www.kronosolopromocionales.com/productos/portataco-duo-produccion-nacional-3845/,2026-05-20,true,product,true,CONTRADICCION_local_indexable_hoy_pero_gsc_vio_noindex_probable_crawl_desactualizado
https://www.kronosolopromocionales.com/productos/boligrafo-grayson-stylus-cork-10018-3631/,2026-05-20,true,redirect,n/a,correcto_es_un_redirect_301_gsc_solo_lo_agrupo_bajo_noindex
https://www.kronosolopromocionales.com/productos/set-de-bbq-6-piezas-3773-2708/,2026-05-20,true,redirect,n/a,correcto_es_un_redirect_301_gsc_solo_lo_agrupo_bajo_noindex
https://www.kronosolopromocionales.com/productos/set-de-mugs-con-termo-cascade-8853/,2026-05-20,true,product,true,CONTRADICCION_local_indexable_hoy_pero_gsc_vio_noindex_probable_crawl_desactualizado
https://www.kronosolopromocionales.com/productos/palmer-stylus-5851-3678/,2026-05-20,true,redirect,n/a,correcto_es_un_redirect_301_gsc_solo_lo_agrupo_bajo_noindex
https://www.kronosolopromocionales.com/productos/advant-2-1-resaltador-cera-6609-3673/,2026-05-20,true,redirect,n/a,correcto_es_un_redirect_301_gsc_solo_lo_agrupo_bajo_noindex
https://www.kronosolopromocionales.com/productos/funda-portalaptop-swiss-peak-10612-3373/,2026-05-20,true,redirect,n/a,correcto_es_un_redirect_301_gsc_solo_lo_agrupo_bajo_noindex
https://www.kronosolopromocionales.com/productos/set-de-vino-bonard-9752/,2026-05-20,true,product,true,CONTRADICCION_local_indexable_hoy_pero_gsc_vio_noindex_probable_crawl_desactualizado
https://www.kronosolopromocionales.com/productos/portadocumentos-de-viaje-paris-10608-3371/,2026-05-20,true,redirect,n/a,correcto_es_un_redirect_301_gsc_solo_lo_agrupo_bajo_noindex
https://www.kronosolopromocionales.com/productos/memoria-usb-portacelular-30-precio-neto-8926/,2026-05-20,true,product,true,CONTRADICCION_local_indexable_hoy_pero_gsc_vio_noindex_probable_crawl_desactualizado
https://www.kronosolopromocionales.com/productos/paraguas-30-halley-urban-travel-10674/,2026-05-20,true,product,true,CONTRADICCION_local_indexable_hoy_pero_gsc_vio_noindex_probable_crawl_desactualizado
https://www.kronosolopromocionales.com/productos/organizador-de-viaje-city-6944-3415/,2026-05-20,true,redirect,n/a,correcto_es_un_redirect_301_gsc_solo_lo_agrupo_bajo_noindex
https://www.kronosolopromocionales.com/productos/set-de-bbq-en-aluminio-6-piezas-1866-2707/,2026-05-20,true,redirect,n/a,correcto_es_un_redirect_301_gsc_solo_lo_agrupo_bajo_noindex
https://www.kronosolopromocionales.com/productos/organizador-de-viaje-swiss-peak-rpet-10181-3472/,2026-05-20,true,redirect,n/a,correcto_es_un_redirect_301_gsc_solo_lo_agrupo_bajo_noindex
https://www.kronosolopromocionales.com/productos/llavero-silicone-silicona-2226-3816/,2026-05-20,true,redirect,n/a,correcto_es_un_redirect_301_gsc_solo_lo_agrupo_bajo_noindex
https://www.kronosolopromocionales.com/productos/mini-linterna-ozen-13296/,2026-05-20,true,product,true,CONTRADICCION_local_indexable_hoy_pero_gsc_vio_noindex_probable_crawl_desactualizado
https://www.kronosolopromocionales.com/productos/morral-backpack-mush-2-10487-3386/,2026-05-20,true,redirect,n/a,correcto_es_un_redirect_301_gsc_solo_lo_agrupo_bajo_noindex
https://www.kronosolopromocionales.com/productos/morral-backpack-antirrobo-bobby-soft-9831/,2026-05-20,true,product,true,CONTRADICCION_local_indexable_hoy_pero_gsc_vio_noindex_probable_crawl_desactualizado
https://www.kronosolopromocionales.com/productos/set-de-crayolas-infant-10695/,2026-05-20,true,product,true,CONTRADICCION_local_indexable_hoy_pero_gsc_vio_noindex_probable_crawl_desactualizado
https://www.kronosolopromocionales.com/productos/boligrafo-vinnie-eco-10546-3623/,2026-05-20,true,redirect,n/a,correcto_es_un_redirect_301_gsc_solo_lo_agrupo_bajo_noindex
https://www.kronosolopromocionales.com/productos/mug-metalico-quest-450ml-9389/,2026-05-20,true,product,true,CONTRADICCION_local_indexable_hoy_pero_gsc_vio_noindex_probable_crawl_desactualizado
https://www.kronosolopromocionales.com/productos/portaboligrafos-lumi-rpet-10811-2912/,2026-05-20,true,redirect,n/a,correcto_es_un_redirect_301_gsc_solo_lo_agrupo_bajo_noindex
https://www.kronosolopromocionales.com/productos/puerto-usb-einstein-6880/,2026-05-20,true,product,true,CONTRADICCION_local_indexable_hoy_pero_gsc_vio_noindex_probable_crawl_desactualizado
https://www.kronosolopromocionales.com/productos/destapador-bamboo-9741/,2026-05-20,true,product,true,CONTRADICCION_local_indexable_hoy_pero_gsc_vio_noindex_probable_crawl_desactualizado
https://www.kronosolopromocionales.com/productos/bola-para-mascotas-10979-2404/,2026-05-20,true,redirect,n/a,correcto_es_un_redirect_301_gsc_solo_lo_agrupo_bajo_noindex
https://www.kronosolopromocionales.com/productos/boligrafo-aston-cartoon-10534-3608/,2026-05-20,true,redirect,n/a,correcto_es_un_redirect_301_gsc_solo_lo_agrupo_bajo_noindex
https://www.kronosolopromocionales.com/productos/maletin-trolley-city-4886-3424/,2026-05-20,true,redirect,n/a,correcto_es_un_redirect_301_gsc_solo_lo_agrupo_bajo_noindex
https://www.kronosolopromocionales.com/productos/pila-recargable-power-bank-con-boton-2200mah-7517-3283/,2026-05-20,true,redirect,n/a,correcto_es_un_redirect_301_gsc_solo_lo_agrupo_bajo_noindex
https://www.kronosolopromocionales.com/productos/organizador-de-viaje-cork-9815-3390/,2026-05-20,true,redirect,n/a,correcto_es_un_redirect_301_gsc_solo_lo_agrupo_bajo_noindex
https://www.kronosolopromocionales.com/productos/soporte-para-moviles-pump-8230-3289/,2026-05-20,true,redirect,n/a,correcto_es_un_redirect_301_gsc_solo_lo_agrupo_bajo_noindex
https://www.kronosolopromocionales.com/productos/golf-tees-7cm-bamboo-10989-3917/,2026-05-20,true,redirect,n/a,correcto_es_un_redirect_301_gsc_solo_lo_agrupo_bajo_noindex
https://www.kronosolopromocionales.com/productos/morral-backpack-legacy-urban-travel-9818-3392/,2026-05-20,true,redirect,n/a,correcto_es_un_redirect_301_gsc_solo_lo_agrupo_bajo_noindex
https://www.kronosolopromocionales.com/productos/set-de-toallitas-multiusos-3641/,2026-05-20,true,product,true,CONTRADICCION_local_indexable_hoy_pero_gsc_vio_noindex_probable_crawl_desactualizado
https://www.kronosolopromocionales.com/productos/mug-doble-pared-en-acero-ii-16oz-1342/,2026-05-20,true,product,true,CONTRADICCION_local_indexable_hoy_pero_gsc_vio_noindex_probable_crawl_desactualizado
https://www.kronosolopromocionales.com/productos/set-de-carro-universal-ii-oferta-8919/,2026-05-20,true,product,true,CONTRADICCION_local_indexable_hoy_pero_gsc_vio_noindex_probable_crawl_desactualizado
https://www.kronosolopromocionales.com/productos/resaltador-winston-10496-3624/,2026-05-20,true,redirect,n/a,correcto_es_un_redirect_301_gsc_solo_lo_agrupo_bajo_noindex
https://www.kronosolopromocionales.com/productos/memoria-usb-swivel-precio-neto-3932/,2026-05-20,true,product,true,CONTRADICCION_local_indexable_hoy_pero_gsc_vio_noindex_probable_crawl_desactualizado
https://www.kronosolopromocionales.com/productos/audifonos-bluetooth-jumper-10769-3257/,2026-05-20,true,redirect,n/a,correcto_es_un_redirect_301_gsc_solo_lo_agrupo_bajo_noindex
https://www.kronosolopromocionales.com/productos/set-de-boligrafos-flock-oferta-10040-3651/,2026-05-20,true,redirect,n/a,correcto_es_un_redirect_301_gsc_solo_lo_agrupo_bajo_noindex
https://www.kronosolopromocionales.com/productos/estuche-multiusos-boxx-produccion-nacional-6702-2490/,2026-05-20,true,redirect,n/a,correcto_es_un_redirect_301_gsc_solo_lo_agrupo_bajo_noindex
https://www.kronosolopromocionales.com/productos/destapador-botella-con-iman-produccion-nacional-8756/,2026-05-20,true,product,true,CONTRADICCION_local_indexable_hoy_pero_gsc_vio_noindex_probable_crawl_desactualizado
https://www.kronosolopromocionales.com/productos/speaker-bluetooth-soundbar-9796-3221/,2026-05-20,true,redirect,n/a,correcto_es_un_redirect_301_gsc_solo_lo_agrupo_bajo_noindex
https://www.kronosolopromocionales.com/productos/audifonos-bluetooth-dj-ii-con-lector-tf-9637/,2026-05-20,true,product,true,CONTRADICCION_local_indexable_hoy_pero_gsc_vio_noindex_probable_crawl_desactualizado
https://www.kronosolopromocionales.com/productos/cosmetiquera-venecia-6904-3422/,2026-05-20,true,redirect,n/a,correcto_es_un_redirect_301_gsc_solo_lo_agrupo_bajo_noindex
https://www.kronosolopromocionales.com/productos/set-de-resaltadores-magicos-en-cera-flipper-5496/,2026-05-20,true,product,true,CONTRADICCION_local_indexable_hoy_pero_gsc_vio_noindex_probable_crawl_desactualizado
https://www.kronosolopromocionales.com/productos/maletin-urban-travel-7608-3437/,2026-05-20,true,redirect,n/a,correcto_es_un_redirect_301_gsc_solo_lo_agrupo_bajo_noindex
https://www.kronosolopromocionales.com/productos/bolsa-en-algodon-botanik-10690/,2026-05-20,true,product,true,CONTRADICCION_local_indexable_hoy_pero_gsc_vio_noindex_probable_crawl_desactualizado
https://www.kronosolopromocionales.com/productos/bola-pop-it-10160/,2026-05-20,true,product,true,CONTRADICCION_local_indexable_hoy_pero_gsc_vio_noindex_probable_crawl_desactualizado
https://www.kronosolopromocionales.com/productos/morral-backpack-king-urban-travel-9599-3458/,2026-05-20,true,redirect,n/a,correcto_es_un_redirect_301_gsc_solo_lo_agrupo_bajo_noindex
https://www.kronosolopromocionales.com/productos/skil-oferta-8592-3713/,2026-05-19,true,redirect,n/a,correcto_es_un_redirect_301_gsc_solo_lo_agrupo_bajo_noindex
https://www.kronosolopromocionales.com/productos/mug-plastico-shaker-14-oz-produccion-nacional-6809/,2026-05-19,true,product,true,CONTRADICCION_local_indexable_hoy_pero_gsc_vio_noindex_probable_crawl_desactualizado
https://www.kronosolopromocionales.com/productos/botilito-metalico-atomic-500ml-9970-3524/,2026-05-19,true,redirect,n/a,correcto_es_un_redirect_301_gsc_solo_lo_agrupo_bajo_noindex
https://www.kronosolopromocionales.com/productos/speaker-bluetooth-barack-bamboo-9413/,2026-05-19,true,product,true,CONTRADICCION_local_indexable_hoy_pero_gsc_vio_noindex_probable_crawl_desactualizado
https://www.kronosolopromocionales.com/productos/set-de-escritorio-octagon-8072-3048/,2026-05-19,true,redirect,n/a,correcto_es_un_redirect_301_gsc_solo_lo_agrupo_bajo_noindex
https://www.kronosolopromocionales.com/productos/juego-triqui-box-eco-11031-3920/,2026-05-19,true,redirect,n/a,correcto_es_un_redirect_301_gsc_solo_lo_agrupo_bajo_noindex
https://www.kronosolopromocionales.com/productos/bolso-venecia-nacional-6221-3403/,2026-05-19,true,redirect,n/a,correcto_es_un_redirect_301_gsc_solo_lo_agrupo_bajo_noindex
https://www.kronosolopromocionales.com/productos/set-de-cartas-eco-10379-3914/,2026-05-19,true,redirect,n/a,correcto_es_un_redirect_301_gsc_solo_lo_agrupo_bajo_noindex
https://www.kronosolopromocionales.com/productos/barcelona-solido-7007/,2026-05-19,true,product,true,CONTRADICCION_local_indexable_hoy_pero_gsc_vio_noindex_probable_crawl_desactualizado
https://www.kronosolopromocionales.com/productos/carpeta-folder-london-6844-3025/,2026-05-19,true,redirect,n/a,correcto_es_un_redirect_301_gsc_solo_lo_agrupo_bajo_noindex
https://www.kronosolopromocionales.com/productos/set-alter-boligrafo-y-portaminas-9847-3744/,2026-05-19,true,redirect,n/a,correcto_es_un_redirect_301_gsc_solo_lo_agrupo_bajo_noindex
https://www.kronosolopromocionales.com/productos/set-ml-383-9191/,2026-05-19,true,product,true,CONTRADICCION_local_indexable_hoy_pero_gsc_vio_noindex_probable_crawl_desactualizado
https://www.kronosolopromocionales.com/productos/boligrafo-vinnie-coffee-10545-3622/,2026-05-19,true,redirect,n/a,correcto_es_un_redirect_301_gsc_solo_lo_agrupo_bajo_noindex
https://www.kronosolopromocionales.com/productos/speaker-bluetooth-rocco-8637-3291/,2026-05-19,true,redirect,n/a,correcto_es_un_redirect_301_gsc_solo_lo_agrupo_bajo_noindex
https://www.kronosolopromocionales.com/productos/maletin-trolley-bag-norris-oferta-6925/,2026-05-19,true,product,true,CONTRADICCION_local_indexable_hoy_pero_gsc_vio_noindex_probable_crawl_desactualizado
https://www.kronosolopromocionales.com/productos/mini-pano-microfibra-5390-2718/,2026-05-19,true,redirect,n/a,correcto_es_un_redirect_301_gsc_solo_lo_agrupo_bajo_noindex
https://www.kronosolopromocionales.com/productos/set-dickens-boligrafo-y-portaminas-oferta-5857/,2026-05-19,true,product,false,confirmado_noindex_intencional_local
https://www.kronosolopromocionales.com/productos/morral-backpack-rush-produccion-nacional-6901/,2026-05-19,true,product,true,CONTRADICCION_local_indexable_hoy_pero_gsc_vio_noindex_probable_crawl_desactualizado
https://www.kronosolopromocionales.com/productos/bolsa-en-cambrel-queen-6293-3402/,2026-05-19,true,redirect,n/a,correcto_es_un_redirect_301_gsc_solo_lo_agrupo_bajo_noindex
https://www.kronosolopromocionales.com/productos/morral-backpack-randy-9820-3394/,2026-05-19,true,redirect,n/a,correcto_es_un_redirect_301_gsc_solo_lo_agrupo_bajo_noindex
https://www.kronosolopromocionales.com/productos/set-dickens-boligrafo-y-portaminas-oferta-5857-3686/,2026-05-19,true,redirect,n/a,correcto_es_un_redirect_301_gsc_solo_lo_agrupo_bajo_noindex
https://www.kronosolopromocionales.com/productos/morral-city-backpack-trolley-6268-3423/,2026-05-19,true,redirect,n/a,correcto_es_un_redirect_301_gsc_solo_lo_agrupo_bajo_noindex
https://www.kronosolopromocionales.com/productos/morral-backpack-reflect-10179/,2026-05-19,true,product,true,CONTRADICCION_local_indexable_hoy_pero_gsc_vio_noindex_probable_crawl_desactualizado
https://www.kronosolopromocionales.com/productos/soporte-magnetico-para-moviles-7557/,2026-05-19,true,product,true,CONTRADICCION_local_indexable_hoy_pero_gsc_vio_noindex_probable_crawl_desactualizado
https://www.kronosolopromocionales.com/productos/portavasos-plastico-set-x-4-y-base-produccion-nacional-3348/,2026-05-19,true,product,true,CONTRADICCION_local_indexable_hoy_pero_gsc_vio_noindex_probable_crawl_desactualizado
https://www.kronosolopromocionales.com/productos/bolsa-en-cambrel-con-fuelle-para-sublimacion-nuevo-13587-2022/,2026-05-19,true,redirect,n/a,correcto_es_un_redirect_301_gsc_solo_lo_agrupo_bajo_noindex
https://www.kronosolopromocionales.com/productos/mug-plastico-morning-320ml-produccion-nacional-11150-3893/,2026-05-19,true,redirect,n/a,correcto_es_un_redirect_301_gsc_solo_lo_agrupo_bajo_noindex
https://www.kronosolopromocionales.com/productos/pascal-stylus-neon-4-1-7929/,2026-05-19,true,product,true,CONTRADICCION_local_indexable_hoy_pero_gsc_vio_noindex_probable_crawl_desactualizado
https://www.kronosolopromocionales.com/productos/identificador-de-maletas-pop-10583/,2026-05-19,true,product,true,CONTRADICCION_local_indexable_hoy_pero_gsc_vio_noindex_probable_crawl_desactualizado
https://www.kronosolopromocionales.com/productos/morral-backpack-antirrobo-royal-9213-3447/,2026-05-19,true,redirect,n/a,correcto_es_un_redirect_301_gsc_solo_lo_agrupo_bajo_noindex
https://www.kronosolopromocionales.com/productos/alcancia-flex-produccion-nacional-7578/,2026-05-19,true,product,true,CONTRADICCION_local_indexable_hoy_pero_gsc_vio_noindex_probable_crawl_desactualizado
https://www.kronosolopromocionales.com/productos/carpeta-folder-swiss-peak-a5-8936-3076/,2026-05-19,true,redirect,n/a,correcto_es_un_redirect_301_gsc_solo_lo_agrupo_bajo_noindex
https://www.kronosolopromocionales.com/productos/memoria-usb-credit-card-zilda-bamboo-precio-neto-9432/,2026-05-19,true,product,true,CONTRADICCION_local_indexable_hoy_pero_gsc_vio_noindex_probable_crawl_desactualizado
https://www.kronosolopromocionales.com/productos/organizador-de-viaje-zipper-4269-3411/,2026-05-19,true,redirect,n/a,correcto_es_un_redirect_301_gsc_solo_lo_agrupo_bajo_noindex
https://www.kronosolopromocionales.com/productos/set-escolar-produccion-nacional-6294/,2026-05-19,true,product,true,CONTRADICCION_local_indexable_hoy_pero_gsc_vio_noindex_probable_crawl_desactualizado
https://www.kronosolopromocionales.com/productos/set-de-clips-smiley-faces-8866/,2026-05-19,true,product,true,CONTRADICCION_local_indexable_hoy_pero_gsc_vio_noindex_probable_crawl_desactualizado
https://www.kronosolopromocionales.com/productos/morral-backpack-crosby-urban-travel-9819-3393/,2026-05-19,true,redirect,n/a,correcto_es_un_redirect_301_gsc_solo_lo_agrupo_bajo_noindex
https://www.kronosolopromocionales.com/productos/metro-oliver-7993-3794/,2026-05-19,true,redirect,n/a,correcto_es_un_redirect_301_gsc_solo_lo_agrupo_bajo_noindex
https://www.kronosolopromocionales.com/productos/portacelular-2-1-eco-10436-2895/,2026-05-19,true,redirect,n/a,correcto_es_un_redirect_301_gsc_solo_lo_agrupo_bajo_noindex
https://www.kronosolopromocionales.com/productos/parrot-7856-3704/,2026-05-19,true,redirect,n/a,correcto_es_un_redirect_301_gsc_solo_lo_agrupo_bajo_noindex
https://www.kronosolopromocionales.com/productos/boligrafo-hollow-cartoon-9839-3739/,2026-05-16,true,redirect,n/a,correcto_es_un_redirect_301_gsc_solo_lo_agrupo_bajo_noindex
https://www.kronosolopromocionales.com/productos/nevera-cooler-bag-picnic-7015/,2026-05-13,true,product,true,CONTRADICCION_local_indexable_hoy_pero_gsc_vio_noindex_probable_crawl_desactualizado
https://www.kronosolopromocionales.com/productos/gel-antibacterial-moss-30ml-6025/,2026-05-05,true,product,true,CONTRADICCION_local_indexable_hoy_pero_gsc_vio_noindex_probable_crawl_desactualizado
https://www.kronosolopromocionales.com/productos/organizador-de-viaje-florida-6265-3410/,2026-05-05,true,redirect,n/a,correcto_es_un_redirect_301_gsc_solo_lo_agrupo_bajo_noindex
