type,slug,title,title_length,title_status,duplicate_title_count,description,description_length,description_status,duplicate_description_count
category,precio-bomba,Ofertas Precio Bomba Ecuador | KS Promocionales,47,OK,1,Ofertas especiales en artículos promocionales con logo. Descuentos exclusivos. Envíos en Ecuador. ¡Cotiza por WhatsApp!,119,OK,1
category,antiestres,Productos Antiestrés Promocionales Ecuador | KS,47,OK,1,"Productos antiestrés personalizados con logo. Pelotas, figuras y más. Alta calidad. Envíos en Ecuador. ¡Cotiza por WhatsApp!",124,OK,1
category,antimicrobianos,Productos Antimicrobianos Promocionales Ecuador | KS,52,OK,1,Artículos antimicrobianos personalizados con logo. Protección y marca. Envíos en Ecuador. ¡Cotiza por WhatsApp!,111,OK,1
category,boligrafos-publicitarios,Bolígrafos Publicitarios: Catálogo y Cotización para Empresas | KS,66,TOO_LONG_TRUNCATION_RISK,1,"Catálogo de bolígrafos publicitarios, lapiceros y esferos personalizados con logo. Metálicos, ecológicos, ejecutivos. Cotiza por WhatsApp con entrega en Ecuador.",161,OK,1
category,reflectivos,Artículos Reflectivos Promocionales Ecuador | KS,48,OK,1,Productos reflectivos personalizados con logo. Seguridad y marca. Envíos en Ecuador. ¡Cotiza por WhatsApp!,106,OK,1
category,automovil,Accesorios para Auto Promocionales Ecuador | KS,47,OK,1,Accesorios para auto personalizados con logo. Alta calidad. Envíos en Ecuador. ¡Cotiza por WhatsApp!,100,OK,1
category,bar-y-vino,Accesorios Bar y Vino Promocionales Ecuador | KS,48,OK,1,"Accesorios de bar y vino personalizados con logo. Sets, destapadores y más. Envíos en Ecuador. ¡Cotiza!",103,OK,1
category,bicicleta,Accesorios Bicicleta Promocionales Ecuador | KS,47,OK,1,Accesorios para bicicleta personalizados con logo. Envíos en Ecuador. ¡Cotiza por WhatsApp!,91,OK,1
category,calculadoras,Calculadoras Promocionales Ecuador | KS,39,OK,1,Calculadoras personalizadas con logo. Varios modelos. Envíos en Ecuador. ¡Cotiza por WhatsApp!,94,OK,1
category,camisetas-y-confeccion-corporativa,Camisetas y Confección Corporativa Personalizada Ecuador | KS Promocionales,75,TOO_LONG_TRUNCATION_RISK,1,"Camisetas y confección corporativa personalizada con tu logo. Bordado, sublimación, serigrafía. Desde 12 unidades. Envíos Ecuador. ¡Cotiza!",139,OK,1
category,deportes,Artículos Deportivos Promocionales Ecuador | KS,47,OK,1,Productos deportivos personalizados con logo. Equipamiento y accesorios. Envíos en Ecuador. ¡Cotiza!,100,OK,1
category,econature,Productos EcoNature Promocionales Ecuador | KS,46,OK,1,Productos ecológicos EcoNature personalizados con logo. Sostenibilidad premium. Envíos en Ecuador. ¡Cotiza!,107,OK,1
category,ecologia,Artículos Ecológicos Promocionales para Empresas | KS Promocionales,67,TOO_LONG_TRUNCATION_RISK,1,"Artículos promocionales ecológicos y sostenibles para empresas en Ecuador. Bolígrafos, libretas y bolsas en bambú y materiales reciclados. Ideal para campañas ESG.",163,OK,1
category,golf,Artículos de Golf Promocionales Ecuador | KS,44,OK,1,"Productos de golf personalizados con logo. Tees, pelotas, accesorios. Envíos en Ecuador. ¡Cotiza!",97,OK,1
category,gorras-personalizadas,Gorras Personalizadas para Empresas | KS Promocionales,54,OK,1,"Gorras personalizadas con tu logo para empresas. Bordado computarizado, algodón y poliéster. Desde 12 unidades. Ideales para eventos, ferias y uniformes corporativos en Ecuador.",177,TOO_LONG_TRUNCATION_RISK,1
category,herramientas,Herramientas Promocionales para Empresas | KS Promocionales,59,OK,1,"Sets de herramientas, metros y artículos de utilería personalizados con logo para empresas en Ecuador. Perfectos para campañas en sectores de construcción, técnico y automotriz.",177,TOO_LONG_TRUNCATION_RISK,1
category,hogar,Artículos para Hogar Promocionales Ecuador | KS,47,OK,1,"Productos para hogar personalizados con logo. Cocina, decoración y más. Envíos en Ecuador. ¡Cotiza!",99,OK,1
category,iluminacion,Productos de Iluminación Promocionales Ecuador | KS,51,OK,1,Linternas y lámparas personalizadas con logo. Iluminación LED. Envíos en Ecuador. ¡Cotiza!,90,OK,1
category,infantil,Productos Infantiles Promocionales Ecuador | KS,47,OK,1,"Artículos infantiles personalizados con logo. Juguetes, útiles y más. Envíos en Ecuador. ¡Cotiza!",97,OK,1
category,juegos,Juegos Promocionales Ecuador | KS,33,OK,1,"Juegos personalizados con logo. Cartas, juegos de mesa y más. Envíos en Ecuador. ¡Cotiza!",89,OK,1
category,llaveros-personalizados,Llaveros Personalizados para Empresas | KS Promocionales,56,OK,1,"Llaveros personalizados con tu logo para empresas en Ecuador. Metal, cuero y PVC desde 50 unidades. Alta vida útil y distribución masiva en ferias y campañas.",158,OK,1
category,mochilas-y-maletines-personalizados,Morrales y Bolsas Promocionales para Empresas | KS Promocionales,64,OK,1,"Morrales personalizados, bolsas promocionales y maletines con tu logo para empresas en Ecuador. Mochilas corporativas para eventos, ferias y regalos ejecutivos.",160,OK,1
category,master-line,Productos Master Line Ecuador | KS,34,OK,1,Línea premium Master Line personalizados con logo. Calidad superior. Envíos en Ecuador. ¡Cotiza!,96,OK,1
category,medicos,Productos Médicos Promocionales Ecuador | KS,44,OK,1,"Productos médicos personalizados con logo. Geles, botiquines y más. Envíos en Ecuador. ¡Cotiza!",95,OK,1
category,memorias-usb-personalizadas,Memorias USB Personalizadas para Empresas | KS Promocionales,60,OK,1,"Memorias USB personalizadas para empresas en Ecuador. 8GB, 16GB, 32GB en formatos tarjeta, llave y clip con tu logo grabado. Ideales para ferias tecnológicas y congresos.",170,TOO_LONG_TRUNCATION_RISK,1
category,mugs-y-termos-personalizados,Mugs y Termos Personalizados para Empresas | KS Promocionales,61,OK,1,"Mugs personalizados y termos con logo para empresas en Ecuador. Cerámica, acero inoxidable y sublimación. Desde 24 unidades. El regalo corporativo más usado en oficinas.",169,TOO_LONG_TRUNCATION_RISK,1
category,novedades,Novedades Promocionales Ecuador | KS,36,OK,1,Últimos productos promocionales añadidos. Novedades con logo. Envíos en Ecuador. ¡Cotiza!,89,OK,1
category,articulos-de-oficina-personalizados,Artículos de Oficina y Escritorio para Empresas | KS Promocionales,66,TOO_LONG_TRUNCATION_RISK,1,"Artículos de oficina y escritorio personalizados con tu logo para empresas en Ecuador. Organizadores, agendas, sets ejecutivos y más. Cotiza sin compromiso.",156,OK,1
category,paraguas,Paraguas Personalizados para Empresas | KS Promocionales,56,OK,1,Paraguas personalizados con tu logo para empresas en Ecuador. Alta visibilidad en días de lluvia. Varios tamaños y estilos disponibles. Cotiza sin compromiso.,158,OK,1
category,cuidado-personal,Productos Cuidado Personal Ecuador | KS,39,OK,1,Cuidado personal personalizados con logo. Sets de belleza y más. Envíos en Ecuador. ¡Cotiza!,92,OK,1
category,produccion-nacional,Productos Producción Nacional Ecuador | KS,42,OK,1,Promocionales de producción nacional con logo. Calidad local. Envíos en Ecuador. ¡Cotiza!,89,OK,1
category,relojes,Relojes Promocionales Ecuador | KS,34,OK,1,Relojes personalizados con logo. Varios estilos. Envíos en Ecuador. ¡Cotiza por WhatsApp!,89,OK,1
category,tecnologia-promocional,Tecnología Promocional para Empresas | KS Promocionales,55,OK,1,"Regalos tecnológicos corporativos para empresas: audífonos bluetooth, parlantes, soportes para celular y gadgets personalizados con tu logo en Ecuador.",151,OK,1
category,variedades,Variedades Promocionales Ecuador | KS,37,OK,1,Variedad de productos promocionales con logo. Alta calidad. Envíos en Ecuador. ¡Cotiza por WhatsApp!,100,OK,1
category,vasos-personalizados,Vasos Personalizados para Empresas | KS Promocionales,53,OK,1,"Vasos personalizados con logo para empresas en Ecuador. Metálicos, plásticos, vidrio y ecológicos. Desde 24 unidades. Cotiza ahora.",131,OK,1
category,termos-personalizados,Termos Personalizados para Empresas | KS Promocionales,54,OK,1,"Termos personalizados con logo para empresas en Ecuador. Acero inoxidable, doble pared, opciones ecológicas. Desde 24 unidades. Cotiza ahora.",141,OK,1
category,tomatodos-y-botilitos-personalizados,Tomatodos y Botilitos Personalizados | KS Promocionales,55,OK,1,"Tomatodos y botilitos personalizados con logo para empresas en Ecuador. Metálicos, plásticos y ecológicos. Desde 24 unidades. Cotiza ahora.",139,OK,1
blog,como-elegir-promocionales-segun-tu-tipo-de-cliente-2026,"Cómo Elegir Promocionales Según Tu Tipo de Cliente: La Matriz Definitiva que Conecta Cerebro, Regalo y Ventas (Guía 2026)",121,TOO_LONG_TRUNCATION_RISK,1,"El 67% de los artículos promocionales fracasan no por su calidad, sino porque se eligieron para el cliente equivocado. Descubre el Método P.E.R.F.I.L.: 6 pasos basados en neuropsicología para elegir el regalo corporativo perfecto según cada arquetipo de cliente.",262,TOO_LONG_TRUNCATION_RISK,1
blog,articulos-promocionales-para-empresas-que-funcionan,Artículos Promocionales para Empresas que Funcionan Actualmente: La Guía Definitiva Basada en Neurociencia y Resultados Reales (2026),133,TOO_LONG_TRUNCATION_RISK,1,"El 72% de las empresas desperdicia su presupuesto en artículos promocionales que nadie usa. Descubre qué hace diferente el 28% que sí obtiene resultados: el framework de Utilidad Codiciada, las 7 categorías que funcionan en 2026 y cómo calcular el Costo por Hora de Exposición.",277,TOO_LONG_TRUNCATION_RISK,1
blog,top-10-regalos-corporativos-tecnologicos-2026,Top 10 Regalos Corporativos Tecnológicos para 2026 (con precios),64,OK,1,"Los 10 artículos tecnológicos más efectivos para regalar a clientes y colaboradores en 2026. Con rangos de precio, técnicas de personalización y qué industria funciona mejor para cada uno.",188,TOO_LONG_TRUNCATION_RISK,1
blog,guia-definitiva-merchandising-empresas-ecuador,Guía Definitiva: Cómo Elegir Merchandising para Empresas en Ecuador [2026],74,TOO_LONG_TRUNCATION_RISK,1,"Todo lo que necesitas saber para elegir productos promocionales que realmente funcionen: tipos, técnicas, presupuestos, errores a evitar y cómo briefar a tu proveedor. Guía práctica con casos reales.",199,TOO_LONG_TRUNCATION_RISK,1
blog,solucion-antiestres-bolas-neon-promocionales-para-empresas-en-ecuador,¡Solución antiestrés! Bolas Neón promocionales para empresas en Ecuador,71,TOO_LONG_TRUNCATION_RISK,1,¿Estrés en la oficina? Alivia la tensión con bolas antiestrés neón promocionales para empresas en Ecuador. ¡Personaliza y sorprende! Descubre cómo aquí.,152,OK,1
blog,enamora-a-tus-clientes-regalos-corporativos-unicos-para-amor-y-amistad,¡Enamora a tus Clientes! Regalos Corporativos ÚNICOS para Amor y Amistad,72,TOO_LONG_TRUNCATION_RISK,1,¿Buscas regalos corporativos para el día del amor y amistad en Ecuador? ¡Sorprende a tus clientes! Descubre ideas ÚNICAS que enamoran y fidelizan. ¡Inspírat,156,OK,1
blog,listos-para-carnaval-2026-impulsa-tu-marca-con-productos-promocionales,¿Listos para Carnaval 2026? ¡Impulsa tu Marca con Productos Promocionales!,74,TOO_LONG_TRUNCATION_RISK,1,¡Carnaval Ecuador 2026 ya se siente! ✨ No te quedes atrás. Descubre cómo los productos promocionales en Carnaval Ecuador 2026 pueden impulsar tu marca. ¡Pla,156,OK,1
blog,boligrafos-personalizados-la-mejor-inversion-publicitaria-en-ecuador,Bolígrafos Personalizados: La Mejor Inversión Publicitaria en Ecuador,69,TOO_LONG_TRUNCATION_RISK,1,"¿Buscas bolígrafos personalizados para empresas en Ecuador? ¡Descubre por qué son la inversión publicitaria MÁS efectiva! Impulsa tu marca, ¡contáctanos hoy!",157,OK,1
blog,llaveros-promocionales-cual-es-la-mejor-opcion-para-tu-presupuesto,Llaveros Promocionales: ¿Cuál es la Mejor Opción para tu Presupuesto?,69,TOO_LONG_TRUNCATION_RISK,1,¿Buscas los mejores llaveros promocionales para empresas sin romper el banco? Descubre opciones efectivas y encuentra el ideal para tu presupuesto.,147,OK,1
blog,buscas-productos-promocionales-en-quito-encuentra-el-ideal-aqui,¿Buscas Productos Promocionales en Quito? ¡Encuentra el Ideal Aquí!,67,TOO_LONG_TRUNCATION_RISK,1,¿Necesitas productos promocionales en Quito para empresas? Impulsa tu marca con el regalo perfecto y haz que te recuerden.,122,OK,1
blog,productos-promocionales-ecologicos-impulsa-tu-marca-de-forma-sostenible,¿Productos Promocionales Ecológicos? ¡Impulsa tu Marca de Forma Sostenible!,75,TOO_LONG_TRUNCATION_RISK,1,¿Buscas productos promocionales ecológicos? Descubre cómo impulsar tu marca y el planeta con ideas originales y sostenibles.,124,OK,1
blog,boligrafo-flom-4-1-antibacteriano-el-regalo-promocional-que-protege-tu-marca-en-ecuador,Bolígrafo Flom 4-1 Antibacteriano: El Regalo Promocional que Protege tu Marca en Ecuador,88,TOO_LONG_TRUNCATION_RISK,1,"Descubre el Bolígrafo Flom 4-1 Antibacteriano: 4 funciones en 1, protección antimicrobiana y precio bomba. El regalo corporativo ideal para tu empresa en Ecuador.",162,OK,1
blog,cuellos-multifuncionales-personalizados-la-estrategia-publicitaria-imbatible-para-tu-negocio-en-ecuador,Cuellos Multifuncionales Personalizados: La Estrategia Publicitaria Imbatible para tu Negocio en Ecuador,104,TOO_LONG_TRUNCATION_RISK,1,Cuellos multifuncionales personalizados: ¡la mejor publicidad para tu negocio en Ecuador! Regalos promocionales únicos con sublimación. ¡Cotiza ahora!,150,OK,1
blog,cucharas-y-tenedores-que-protegen-descubre-el-set-de-cubiertos-antibacterianos-para-empresas-en-ecuador,¿Cucharas y Tenedores que Protegen? Descubre el Set de Cubiertos Antibacterianos para Empresas en Ecuador,105,TOO_LONG_TRUNCATION_RISK,1,¿Cubiertos antibacterianos promocionales para tu empresa en Ecuador? Regala salud con nuestro set ecológico antimicrobiano. ¡Cotiza ahora!,138,OK,1
blog,productos-promocionales-ecuador,Guía Completa de Productos Promocionales en Ecuador,51,OK,1,"Descubre cómo elegir los productos promocionales perfectos para tu marca en Ecuador. Consejos, tendencias y casos de éxito.",123,OK,1
blog,mejores-productos-promocionales-2025,Los 10 Mejores Productos Promocionales para Empresas en 2025-2026,65,OK,1,"Descubre los productos promocionales más efectivos para impulsar tu marca en 2025. Desde tecnología hasta textiles, conoce qué funciona mejor.",142,OK,1
blog,estrategias-marketing-merchandising-empresarial,Estrategias de Marketing con Merchandising: Cómo Aumentar tu ROI,64,OK,1,El merchandising corporativo bien ejecutado puede multiplicar tu retorno de inversión. Aprende las mejores estrategias probadas por expertos.,141,OK,1
blog,diseno-logos-productos-promocionales,Diseño de Logos para Productos Promocionales: Guía Completa 2025,64,OK,1,Aprende a adaptar tu logo para diferentes superficies y técnicas de impresión. Consejos profesionales de diseño para merchandising.,131,OK,1
blog,merchandising-eventos-corporativos-ecuador,Merchandising para Eventos Corporativos: Qué Funciona en Ecuador,64,OK,1,Los eventos corporativos requieren merchandising estratégico. Descubre qué productos generan mayor impacto en audiencias ecuatorianas.,134,OK,1
blog,productos-tecnologicos-promocionales-tendencias,Productos Tecnológicos Promocionales: Tendencias que Dominan el Mercado,71,TOO_LONG_TRUNCATION_RISK,1,La tecnología lidera el merchandising moderno. Conoce los gadgets promocionales más demandados y cómo integrarlos en tu estrategia.,131,OK,1
blog,branding-textiles-personalizados-empresas,Branding con Textiles Personalizados: Crea Uniformes que Venden,63,OK,1,Los textiles corporativos son tu mejor herramienta de branding. Aprende a diseñar uniformes y ropa que fortalezca tu identidad de marca.,136,OK,1
blog,colores-psicologia-merchandising-corporativo,Psicología del Color en Merchandising: Elige Colores que Conviertan,67,TOO_LONG_TRUNCATION_RISK,1,Los colores influyen directamente en las decisiones de compra. Descubre cómo aplicar la psicología del color en tus productos promocionales.,140,OK,1
blog,regalos-corporativos-fin-ano-ecuador,Regalos Corporativos de Fin de Año: Las Mejores Ideas para Ecuador,66,TOO_LONG_TRUNCATION_RISK,1,La temporada de regalos corporativos requiere planificación estratégica. Descubre las mejores opciones para sorprender a clientes y colaboradores.,146,OK,1
blog,personalizacion-productos-tecnicas-impresion,"Técnicas de Personalización: Serigrafía, Bordado, Grabado y Más",63,OK,1,"Cada técnica de personalización tiene ventajas únicas. Aprende cuál elegir según el producto, presupuesto y cantidad para mejores resultados.",141,OK,1
blog,marketing-sostenible-productos-ecologicos-promocionales,Marketing Sostenible: Productos Ecológicos que tu Audiencia Valorará,68,TOO_LONG_TRUNCATION_RISK,1,La sostenibilidad ya no es opcional. Descubre cómo los productos ecológicos fortalecen tu marca y conectan con consumidores conscientes.,136,OK,1
blog,regalos-corporativos-elegantes,Regalos Corporativos Elegantes: Cómo Impresionar a Clientes VIP en Ecuador,74,TOO_LONG_TRUNCATION_RISK,1,Descubre los regalos corporativos elegantes que fortalecen relaciones con clientes VIP. Guía completa para seleccionar obsequios premium que generan impacto duradero.,166,TOO_LONG_TRUNCATION_RISK,1
blog,10-mejores-productos-promocionales-ecuador-imprescindibles,Los 10 Mejores Productos Promocionales en Ecuador: Lista Definitiva,67,TOO_LONG_TRUNCATION_RISK,1,"Descubre los mejores productos promocionales en Ecuador. Lista actualizada 2024 con pros, contras y recomendaciones expertas para tu estrategia de marketing.",157,OK,1
blog,beneficios-productos-promocionales-ecuador-guia-completa,Guía Completa: Beneficios de Productos Promocionales Ecuador [2025],67,TOO_LONG_TRUNCATION_RISK,1,Guía completa de beneficios de productos promocionales en Ecuador. Todo lo que necesitas saber explicado de forma clara y práctica.,131,OK,1
blog,productos-promocionales-baratos-guia-completa,Guía Completa: Productos Promocionales Baratos [2025],53,OK,1,Descubre cómo impulsar tu marca con productos promocionales baratos. Aprende a llegar a tu público objetivo sin gastar de más y maximiza tu visibilidad.,152,OK,1
blog,productos-promocionales-por-mayor-mayoreo-guia-completa,Guía Completa: Productos Promocionales Por Mayor (Y Por Mayoreo) [2025],71,TOO_LONG_TRUNCATION_RISK,1,"Descubre cómo adquirir productos promocionales al por mayor puede transformar tu estrategia de marketing. Aprende a elegir proveedores, maximizar tu inversión y aumentar el impacto de tu marca.",193,TOO_LONG_TRUNCATION_RISK,1
blog,productos-promocionales-navidenos-guia-completa,Guía Completa: Productos Promocionales Navideños [2025],55,OK,1,"Descubre los mejores productos promocionales navideños para que tu marca destaque esta Navidad. Aprende a conectar con tus clientes, impulsar tus ventas y dejar una impresión duradera.",184,TOO_LONG_TRUNCATION_RISK,1
blog,adios-a-las-perdidas-boomtag-bp-29-el-rastreador-airtag-promocional-que-impulsa-tu-marca,¡Adiós a las Pérdidas! Boomtag BP-29: El Rastreador Airtag Promocional que Impulsa tu Marca,91,TOO_LONG_TRUNCATION_RISK,1,"¿Cuántas veces has sentido ese frío en el estómago al no encontrar las llaves, la cartera, o incluso ese prototipo valioso que llevabas a la presentación? En la vertiginosa jungla del mundo empresaria...",203,TOO_LONG_TRUNCATION_RISK,1
blog,promocionales-antimicrobianos-la-defensa-invisible-que-impulsa-tu-marca-en-ecuador,Promocionales Antimicrobianos: La Defensa Invisible que Impulsa tu Marca en Ecuador,83,TOO_LONG_TRUNCATION_RISK,1,"¿Te preocupa cómo destacar tu marca en un mundo cada vez más consciente de la higiene? En Ecuador, donde la salud y el bienestar son prioridad, necesitas una estrategia que no solo promocione tu negoci...",204,TOO_LONG_TRUNCATION_RISK,1
blog,abre-caminos-al-exito-destapador-con-iman-personalizado-el-iman-de-clientes-para-tu-marca-en-ecuador,¡Abre Caminos al Éxito! Destapador con Imán Personalizado: El Imán de Clientes para tu Marca en Ecuador,103,TOO_LONG_TRUNCATION_RISK,1,"¿Cansado de los mismos promocionales aburridos que terminan en el fondo de un cajón olvidados? En un mercado tan competitivo como el ecuatoriano, destacar y dejar una impresión duradera es crucial. Im...",203,TOO_LONG_TRUNCATION_RISK,1
blog,herramientas-mustang-promocionales-impulsa-tu-marca-con-soluciones-practicas-ecuador,Herramientas Mustang Promocionales: Impulsa tu Marca con Soluciones Prácticas (Ecuador),87,TOO_LONG_TRUNCATION_RISK,1,"¿Cansado de los típicos bolígrafos y llaveros que terminan olvidados en un cajón? En el competitivo mundo empresarial ecuatoriano, destacar y permanecer en la mente de tus clientes requiere de ideas i...",203,TOO_LONG_TRUNCATION_RISK,1
blog,mejores-regalos-corporativos-para-empresas-ecuador-2026,Los Mejores Regalos Corporativos para Empresas en Ecuador 2026,62,OK,1,"Guía actualizada 2026: los regalos corporativos más efectivos para empresas en Ecuador, con precios reales, técnicas de personalización y criterios de selección según el perfil del receptor.",190,TOO_LONG_TRUNCATION_RISK,1
blog,merchandising-para-ferias-empresariales-ecuador,Merchandising para Ferias Empresariales en Ecuador: Qué Llevar y Cómo Destacar,78,TOO_LONG_TRUNCATION_RISK,1,"Guía práctica de merchandising para ferias empresariales en Ecuador: qué artículos llevar, cómo calcular cantidades, errores de stand y estrategias para maximizar el retorno de tu inversión en ferias.",200,TOO_LONG_TRUNCATION_RISK,1
blog,boligrafos-promocionales-personalizados-guia-empresas-ecuador,Bolígrafos Promocionales Personalizados: Guía Completa para Empresas en Ecuador,79,TOO_LONG_TRUNCATION_RISK,1,"Todo lo que necesitas saber sobre bolígrafos promocionales para empresas en Ecuador: tipos, materiales, técnicas de impresión, precios y cómo elegir el bolígrafo correcto para cada campaña.",189,TOO_LONG_TRUNCATION_RISK,1
blog,articulos-promocionales-ecologicos-para-empresas-ecuador,Artículos Promocionales Ecológicos para Empresas en Ecuador: Guía ESG 2026,74,TOO_LONG_TRUNCATION_RISK,1,"Guía de artículos promocionales ecológicos y sostenibles para empresas en Ecuador. Opciones en bambú, materiales reciclados y biodegradables para alinear tu merchandising con tus políticas ESG.",193,TOO_LONG_TRUNCATION_RISK,1
blog,cuanto-cuestan-los-articulos-promocionales-personalizados-ecuador,Cuánto Cuestan los Artículos Promocionales Personalizados en Ecuador 2026,73,TOO_LONG_TRUNCATION_RISK,1,"Guía de precios actualizada 2026 de artículos promocionales personalizados en Ecuador: tablas de precios por categoría, factores que afectan el costo, cómo calcular tu presupuesto y cómo optimizar el ROI.",204,TOO_LONG_TRUNCATION_RISK,1
