url,type,reason_in_code,in_sitemap,canonical,internal_links,content_score,current_robots,recommended_robots,recommended_action
https://www.kronosolopromocionales.com/productos/mini-linterna-ozen-nuevo-13296/,product,"is_ai_optimized=false — pendiente de enriquecimiento, excluido del sitemap intencionalmente",false,https://www.kronosolopromocionales.com/productos/mini-linterna-ozen-nuevo-13296/,0,100,"noindex,nofollow","noindex,follow",B_NOINDEX_INTENCIONAL
https://www.kronosolopromocionales.com/productos/speaker-bluetooth-novark-nuevo-13298/,product,"is_ai_optimized=false — pendiente de enriquecimiento, excluido del sitemap intencionalmente",false,https://www.kronosolopromocionales.com/productos/speaker-bluetooth-novark-nuevo-13298/,0,100,"noindex,nofollow","noindex,follow",B_NOINDEX_INTENCIONAL
https://www.kronosolopromocionales.com/productos/teclado-bluetooth-orbi-nuevo-13299/,product,"is_ai_optimized=false — pendiente de enriquecimiento, excluido del sitemap intencionalmente",false,https://www.kronosolopromocionales.com/productos/teclado-bluetooth-orbi-nuevo-13299/,0,100,"noindex,nofollow","noindex,follow",B_NOINDEX_INTENCIONAL
https://www.kronosolopromocionales.com/productos/organizador-de-viaje-maxi-master-ocean-10960/,product,"is_ai_optimized=false — pendiente de enriquecimiento, excluido del sitemap intencionalmente",false,https://www.kronosolopromocionales.com/productos/organizador-de-viaje-maxi-master-ocean-10960/,0,100,"noindex,nofollow","noindex,follow",B_NOINDEX_INTENCIONAL
https://www.kronosolopromocionales.com/productos/boligrafo-dormin-bamboo-10839/,product,"is_ai_optimized=false — pendiente de enriquecimiento, excluido del sitemap intencionalmente",false,https://www.kronosolopromocionales.com/productos/boligrafo-dormin-bamboo-10839/,4,100,"noindex,nofollow","noindex,follow",B_NOINDEX_INTENCIONAL
https://www.kronosolopromocionales.com/productos/puerto-usb-ruler-bamboo-10814/,product,"is_ai_optimized=false — pendiente de enriquecimiento, excluido del sitemap intencionalmente",false,https://www.kronosolopromocionales.com/productos/puerto-usb-ruler-bamboo-10814/,1,100,"noindex,nofollow","noindex,follow",B_NOINDEX_INTENCIONAL
https://www.kronosolopromocionales.com/productos/paraguas-27-5913/,product,"is_ai_optimized=false — pendiente de enriquecimiento, excluido del sitemap intencionalmente",false,https://www.kronosolopromocionales.com/productos/paraguas-27-5913/,0,100,"noindex,nofollow","noindex,follow",B_NOINDEX_INTENCIONAL
https://www.kronosolopromocionales.com/productos/carpeta-folder-swiss-peak-a5-8936/,product,"is_ai_optimized=false — pendiente de enriquecimiento, excluido del sitemap intencionalmente",false,https://www.kronosolopromocionales.com/productos/carpeta-folder-swiss-peak-a5-8936/,0,100,"noindex,nofollow","noindex,follow",B_NOINDEX_INTENCIONAL
https://www.kronosolopromocionales.com/productos/organizador-de-viaje-swiss-peak-kool-9610/,product,"is_ai_optimized=false — pendiente de enriquecimiento, excluido del sitemap intencionalmente",false,https://www.kronosolopromocionales.com/productos/organizador-de-viaje-swiss-peak-kool-9610/,0,100,"noindex,nofollow","noindex,follow",B_NOINDEX_INTENCIONAL
https://www.kronosolopromocionales.com/productos/paraguas-27-gentle-urban-travel-9218/,product,"is_ai_optimized=false — pendiente de enriquecimiento, excluido del sitemap intencionalmente",false,https://www.kronosolopromocionales.com/productos/paraguas-27-gentle-urban-travel-9218/,0,100,"noindex,nofollow","noindex,follow",B_NOINDEX_INTENCIONAL
https://www.kronosolopromocionales.com/productos/maletin-urban-travel-7608/,product,"is_ai_optimized=false — pendiente de enriquecimiento, excluido del sitemap intencionalmente",false,https://www.kronosolopromocionales.com/productos/maletin-urban-travel-7608/,0,100,"noindex,nofollow","noindex,follow",B_NOINDEX_INTENCIONAL
https://www.kronosolopromocionales.com/productos/set-enfriador-de-vino-chill-precio-bomba-9753/,product,"is_ai_optimized=false — pendiente de enriquecimiento, excluido del sitemap intencionalmente",false,https://www.kronosolopromocionales.com/productos/set-enfriador-de-vino-chill-precio-bomba-9753/,0,100,"noindex,nofollow","noindex,follow",B_NOINDEX_INTENCIONAL
https://www.kronosolopromocionales.com/productos/portadocumentos-de-viaje-paris-10608/,product,"is_ai_optimized=false — pendiente de enriquecimiento, excluido del sitemap intencionalmente",false,https://www.kronosolopromocionales.com/productos/portadocumentos-de-viaje-paris-10608/,0,100,"noindex,nofollow","noindex,follow",B_NOINDEX_INTENCIONAL
https://www.kronosolopromocionales.com/productos/tajalapiz-plastico-school-10998/,product,"is_ai_optimized=false — pendiente de enriquecimiento, excluido del sitemap intencionalmente",false,https://www.kronosolopromocionales.com/productos/tajalapiz-plastico-school-10998/,0,100,"noindex,nofollow","noindex,follow",B_NOINDEX_INTENCIONAL
https://www.kronosolopromocionales.com/productos/cinta-portacarnet-puzzle-10833/,product,"is_ai_optimized=false — pendiente de enriquecimiento, excluido del sitemap intencionalmente",false,https://www.kronosolopromocionales.com/productos/cinta-portacarnet-puzzle-10833/,0,100,"noindex,nofollow","noindex,follow",B_NOINDEX_INTENCIONAL
https://www.kronosolopromocionales.com/productos/cubo-pop-it-10973/,product,"is_ai_optimized=false — pendiente de enriquecimiento, excluido del sitemap intencionalmente",false,https://www.kronosolopromocionales.com/productos/cubo-pop-it-10973/,0,80,"noindex,nofollow","noindex,follow",B_NOINDEX_INTENCIONAL
https://www.kronosolopromocionales.com/productos/estuche-doble-regal-6048/,product,"is_ai_optimized=false — pendiente de enriquecimiento, excluido del sitemap intencionalmente",false,https://www.kronosolopromocionales.com/productos/estuche-doble-regal-6048/,0,100,"noindex,nofollow","noindex,follow",B_NOINDEX_INTENCIONAL
https://www.kronosolopromocionales.com/productos/set-montgomery-boligrafo-y-roller-oferta-7938/,product,"is_ai_optimized=false — pendiente de enriquecimiento, excluido del sitemap intencionalmente",false,https://www.kronosolopromocionales.com/productos/set-montgomery-boligrafo-y-roller-oferta-7938/,0,100,"noindex,nofollow","noindex,follow",B_NOINDEX_INTENCIONAL
https://www.kronosolopromocionales.com/productos/set-dickens-boligrafo-y-portaminas-oferta-5857/,product,"is_ai_optimized=false — pendiente de enriquecimiento, excluido del sitemap intencionalmente",false,https://www.kronosolopromocionales.com/productos/set-dickens-boligrafo-y-portaminas-oferta-5857/,0,100,"noindex,nofollow","noindex,follow",B_NOINDEX_INTENCIONAL
https://www.kronosolopromocionales.com/productos/ventura-stylus-4-1-10234/,product,"is_ai_optimized=false — pendiente de enriquecimiento, excluido del sitemap intencionalmente",false,https://www.kronosolopromocionales.com/productos/ventura-stylus-4-1-10234/,0,100,"noindex,nofollow","noindex,follow",B_NOINDEX_INTENCIONAL
https://www.kronosolopromocionales.com/productos/mini-llavero-pito-3156/,product,"is_ai_optimized=false — pendiente de enriquecimiento, excluido del sitemap intencionalmente",false,https://www.kronosolopromocionales.com/productos/mini-llavero-pito-3156/,2,100,"noindex,nofollow","noindex,follow",B_NOINDEX_INTENCIONAL
https://www.kronosolopromocionales.com/productos/palmer-stylus-5851/,product,"is_ai_optimized=false — pendiente de enriquecimiento, excluido del sitemap intencionalmente",false,https://www.kronosolopromocionales.com/productos/palmer-stylus-5851/,0,100,"noindex,nofollow","noindex,follow",B_NOINDEX_INTENCIONAL
https://www.kronosolopromocionales.com/productos/marvel-stylus-6366/,product,"is_ai_optimized=false — pendiente de enriquecimiento, excluido del sitemap intencionalmente",false,https://www.kronosolopromocionales.com/productos/marvel-stylus-6366/,0,100,"noindex,nofollow","noindex,follow",B_NOINDEX_INTENCIONAL
https://www.kronosolopromocionales.com/productos/ventura-stylus-5058/,product,"is_ai_optimized=false — pendiente de enriquecimiento, excluido del sitemap intencionalmente",false,https://www.kronosolopromocionales.com/productos/ventura-stylus-5058/,0,100,"noindex,nofollow","noindex,follow",B_NOINDEX_INTENCIONAL
https://www.kronosolopromocionales.com/productos/balmax-stylus-precio-bomba-7330/,product,"is_ai_optimized=false — pendiente de enriquecimiento, excluido del sitemap intencionalmente",false,https://www.kronosolopromocionales.com/productos/balmax-stylus-precio-bomba-7330/,0,100,"noindex,nofollow","noindex,follow",B_NOINDEX_INTENCIONAL
https://www.kronosolopromocionales.com/productos/portos-oferta-7352/,product,"is_ai_optimized=false — pendiente de enriquecimiento, excluido del sitemap intencionalmente",false,https://www.kronosolopromocionales.com/productos/portos-oferta-7352/,0,100,"noindex,nofollow","noindex,follow",B_NOINDEX_INTENCIONAL
https://www.kronosolopromocionales.com/productos/set-de-herramientas-scout-10287/,product,"is_ai_optimized=false — pendiente de enriquecimiento, excluido del sitemap intencionalmente",false,https://www.kronosolopromocionales.com/productos/set-de-herramientas-scout-10287/,1,100,"noindex,nofollow","noindex,follow",B_NOINDEX_INTENCIONAL
https://www.kronosolopromocionales.com/productos/metro-llavero-truck-8441/,product,"is_ai_optimized=false — pendiente de enriquecimiento, excluido del sitemap intencionalmente",false,https://www.kronosolopromocionales.com/productos/metro-llavero-truck-8441/,0,100,"noindex,nofollow","noindex,follow",B_NOINDEX_INTENCIONAL
https://www.kronosolopromocionales.com/productos/set-de-destornilladores-everest-precio-bomba-7991/,product,"is_ai_optimized=false — pendiente de enriquecimiento, excluido del sitemap intencionalmente",false,https://www.kronosolopromocionales.com/productos/set-de-destornilladores-everest-precio-bomba-7991/,0,100,"noindex,nofollow","noindex,follow",B_NOINDEX_INTENCIONAL
https://www.kronosolopromocionales.com/productos/set-bbq-stanton-9172/,product,"is_ai_optimized=false — pendiente de enriquecimiento, excluido del sitemap intencionalmente",false,https://www.kronosolopromocionales.com/productos/set-bbq-stanton-9172/,0,100,"noindex,nofollow","noindex,follow",B_NOINDEX_INTENCIONAL
https://www.kronosolopromocionales.com/productos/set-de-2-utensilios-para-queso-book-oferta-9540/,product,"is_ai_optimized=false — pendiente de enriquecimiento, excluido del sitemap intencionalmente",false,https://www.kronosolopromocionales.com/productos/set-de-2-utensilios-para-queso-book-oferta-9540/,0,100,"noindex,nofollow","noindex,follow",B_NOINDEX_INTENCIONAL
https://www.kronosolopromocionales.com/productos/mini-herramientero-blazor-nuevo-13334/,product,"is_ai_optimized=false — pendiente de enriquecimiento, excluido del sitemap intencionalmente",false,https://www.kronosolopromocionales.com/productos/mini-herramientero-blazor-nuevo-13334/,0,100,"noindex,nofollow","noindex,follow",B_NOINDEX_INTENCIONAL
https://www.kronosolopromocionales.com/productos/memoria-mini-usb-en-imitacion-cuero-precio-neto-5277/,product,"is_ai_optimized=false — pendiente de enriquecimiento, excluido del sitemap intencionalmente",false,https://www.kronosolopromocionales.com/productos/memoria-mini-usb-en-imitacion-cuero-precio-neto-5277/,0,100,"noindex,nofollow","noindex,follow",B_NOINDEX_INTENCIONAL
https://www.kronosolopromocionales.com/productos/memoria-usb-braxton-precio-neto-7987/,product,"is_ai_optimized=false — pendiente de enriquecimiento, excluido del sitemap intencionalmente",false,https://www.kronosolopromocionales.com/productos/memoria-usb-braxton-precio-neto-7987/,0,100,"noindex,nofollow","noindex,follow",B_NOINDEX_INTENCIONAL
https://www.kronosolopromocionales.com/productos/llavero-pito-con-destapador-precio-bomba-9132/,product,"is_ai_optimized=false — pendiente de enriquecimiento, excluido del sitemap intencionalmente",false,https://www.kronosolopromocionales.com/productos/llavero-pito-con-destapador-precio-bomba-9132/,0,100,"noindex,nofollow","noindex,follow",B_NOINDEX_INTENCIONAL
https://www.kronosolopromocionales.com/productos/pito-con-luz-vision-nuevo-13366/,product,"is_ai_optimized=false — pendiente de enriquecimiento, excluido del sitemap intencionalmente",false,https://www.kronosolopromocionales.com/productos/pito-con-luz-vision-nuevo-13366/,0,100,"noindex,nofollow","noindex,follow",B_NOINDEX_INTENCIONAL
https://www.kronosolopromocionales.com/productos/llavero-antiestres-ball-soccer-8270/,product,"is_ai_optimized=false — pendiente de enriquecimiento, excluido del sitemap intencionalmente",false,https://www.kronosolopromocionales.com/productos/llavero-antiestres-ball-soccer-8270/,0,100,"noindex,nofollow","noindex,follow",B_NOINDEX_INTENCIONAL
https://www.kronosolopromocionales.com/productos/bolsa-en-algodon-corcho-9103/,product,"is_ai_optimized=false — pendiente de enriquecimiento, excluido del sitemap intencionalmente",false,https://www.kronosolopromocionales.com/productos/bolsa-en-algodon-corcho-9103/,0,100,"noindex,nofollow","noindex,follow",B_NOINDEX_INTENCIONAL
https://www.kronosolopromocionales.com/productos/organizador-de-viaje-cork-9815/,product,"is_ai_optimized=false — pendiente de enriquecimiento, excluido del sitemap intencionalmente",false,https://www.kronosolopromocionales.com/productos/organizador-de-viaje-cork-9815/,0,100,"noindex,nofollow","noindex,follow",B_NOINDEX_INTENCIONAL
https://www.kronosolopromocionales.com/productos/sporty-bag-cotton-ii-11039/,product,"is_ai_optimized=false — pendiente de enriquecimiento, excluido del sitemap intencionalmente",false,https://www.kronosolopromocionales.com/productos/sporty-bag-cotton-ii-11039/,0,100,"noindex,nofollow","noindex,follow",B_NOINDEX_INTENCIONAL
https://www.kronosolopromocionales.com/productos/mini-bolsa-en-algodon-100gms-nuevo-13253/,product,"is_ai_optimized=false — pendiente de enriquecimiento, excluido del sitemap intencionalmente",false,https://www.kronosolopromocionales.com/productos/mini-bolsa-en-algodon-100gms-nuevo-13253/,0,100,"noindex,nofollow","noindex,follow",B_NOINDEX_INTENCIONAL
https://www.kronosolopromocionales.com/productos/morral-backpack-crosby-urban-travel-9819/,product,"is_ai_optimized=false — pendiente de enriquecimiento, excluido del sitemap intencionalmente",false,https://www.kronosolopromocionales.com/productos/morral-backpack-crosby-urban-travel-9819/,0,100,"noindex,nofollow","noindex,follow",B_NOINDEX_INTENCIONAL
https://www.kronosolopromocionales.com/productos/trolley-morral-backpack-senior-urban-travel-10168/,product,"is_ai_optimized=false — pendiente de enriquecimiento, excluido del sitemap intencionalmente",false,https://www.kronosolopromocionales.com/productos/trolley-morral-backpack-senior-urban-travel-10168/,0,100,"noindex,nofollow","noindex,follow",B_NOINDEX_INTENCIONAL
https://www.kronosolopromocionales.com/productos/morral-backpack-nordic-oferta-7060/,product,"is_ai_optimized=false — pendiente de enriquecimiento, excluido del sitemap intencionalmente",false,https://www.kronosolopromocionales.com/productos/morral-backpack-nordic-oferta-7060/,0,100,"noindex,nofollow","noindex,follow",B_NOINDEX_INTENCIONAL
https://www.kronosolopromocionales.com/productos/morral-city-backpack-6266/,product,"is_ai_optimized=false — pendiente de enriquecimiento, excluido del sitemap intencionalmente",false,https://www.kronosolopromocionales.com/productos/morral-city-backpack-6266/,0,100,"noindex,nofollow","noindex,follow",B_NOINDEX_INTENCIONAL
https://www.kronosolopromocionales.com/productos/morral-backpack-catoy-9211/,product,"is_ai_optimized=false — pendiente de enriquecimiento, excluido del sitemap intencionalmente",false,https://www.kronosolopromocionales.com/productos/morral-backpack-catoy-9211/,0,100,"noindex,nofollow","noindex,follow",B_NOINDEX_INTENCIONAL
https://www.kronosolopromocionales.com/productos/organizador-de-viaje-city-6944/,product,"is_ai_optimized=false — pendiente de enriquecimiento, excluido del sitemap intencionalmente",false,https://www.kronosolopromocionales.com/productos/organizador-de-viaje-city-6944/,0,100,"noindex,nofollow","noindex,follow",B_NOINDEX_INTENCIONAL
https://www.kronosolopromocionales.com/productos/organizador-de-viaje-zipper-4269/,product,"is_ai_optimized=false — pendiente de enriquecimiento, excluido del sitemap intencionalmente",false,https://www.kronosolopromocionales.com/productos/organizador-de-viaje-zipper-4269/,0,100,"noindex,nofollow","noindex,follow",B_NOINDEX_INTENCIONAL
https://www.kronosolopromocionales.com/productos/trolley-morral-backpack-dilbert-precio-bomba-6926/,product,"is_ai_optimized=false — pendiente de enriquecimiento, excluido del sitemap intencionalmente",false,https://www.kronosolopromocionales.com/productos/trolley-morral-backpack-dilbert-precio-bomba-6926/,0,100,"noindex,nofollow","noindex,follow",B_NOINDEX_INTENCIONAL
https://www.kronosolopromocionales.com/productos/portadocumentos-security-7598/,product,"is_ai_optimized=false — pendiente de enriquecimiento, excluido del sitemap intencionalmente",false,https://www.kronosolopromocionales.com/productos/portadocumentos-security-7598/,0,100,"noindex,nofollow","noindex,follow",B_NOINDEX_INTENCIONAL
https://www.kronosolopromocionales.com/productos/portadocumentos-vintra-nuevo-13308/,product,"is_ai_optimized=false — pendiente de enriquecimiento, excluido del sitemap intencionalmente",false,https://www.kronosolopromocionales.com/productos/portadocumentos-vintra-nuevo-13308/,0,100,"noindex,nofollow","noindex,follow",B_NOINDEX_INTENCIONAL
https://www.kronosolopromocionales.com/productos/morral-city-backpack-trolley-6268/,product,"is_ai_optimized=false — pendiente de enriquecimiento, excluido del sitemap intencionalmente",false,https://www.kronosolopromocionales.com/productos/morral-city-backpack-trolley-6268/,0,100,"noindex,nofollow","noindex,follow",B_NOINDEX_INTENCIONAL
https://www.kronosolopromocionales.com/productos/sporty-bag-metallic-oferta-9166/,product,"is_ai_optimized=false — pendiente de enriquecimiento, excluido del sitemap intencionalmente",false,https://www.kronosolopromocionales.com/productos/sporty-bag-metallic-oferta-9166/,0,100,"noindex,nofollow","noindex,follow",B_NOINDEX_INTENCIONAL
https://www.kronosolopromocionales.com/productos/llavero-ml-410-10956/,product,"is_ai_optimized=false — pendiente de enriquecimiento, excluido del sitemap intencionalmente",false,https://www.kronosolopromocionales.com/productos/llavero-ml-410-10956/,0,100,"noindex,nofollow","noindex,follow",B_NOINDEX_INTENCIONAL
https://www.kronosolopromocionales.com/productos/minimug-en-acero-con-tapa-180ml-3481/,product,"is_ai_optimized=false — pendiente de enriquecimiento, excluido del sitemap intencionalmente",false,https://www.kronosolopromocionales.com/productos/minimug-en-acero-con-tapa-180ml-3481/,0,100,"noindex,nofollow","noindex,follow",B_NOINDEX_INTENCIONAL
https://www.kronosolopromocionales.com/productos/mug-plastico-morning-320ml-produccion-nacional-11150/,product,"is_ai_optimized=false — pendiente de enriquecimiento, excluido del sitemap intencionalmente",false,https://www.kronosolopromocionales.com/productos/mug-plastico-morning-320ml-produccion-nacional-11150/,0,100,"noindex,nofollow","noindex,follow",B_NOINDEX_INTENCIONAL
https://www.kronosolopromocionales.com/productos/libreta-pollux-eco-11019/,product,"is_ai_optimized=false — pendiente de enriquecimiento, excluido del sitemap intencionalmente",false,https://www.kronosolopromocionales.com/productos/libreta-pollux-eco-11019/,0,100,"noindex,nofollow","noindex,follow",B_NOINDEX_INTENCIONAL
https://www.kronosolopromocionales.com/productos/libreta-arista-11024/,product,"is_ai_optimized=false — pendiente de enriquecimiento, excluido del sitemap intencionalmente",false,https://www.kronosolopromocionales.com/productos/libreta-arista-11024/,0,100,"noindex,nofollow","noindex,follow",B_NOINDEX_INTENCIONAL
https://www.kronosolopromocionales.com/productos/sticky-set-ottis-oferta-9786/,product,"is_ai_optimized=false — pendiente de enriquecimiento, excluido del sitemap intencionalmente",false,https://www.kronosolopromocionales.com/productos/sticky-set-ottis-oferta-9786/,0,100,"noindex,nofollow","noindex,follow",B_NOINDEX_INTENCIONAL
https://www.kronosolopromocionales.com/productos/carpeta-folder-sencillo-en-pvc-1888/,product,"is_ai_optimized=false — pendiente de enriquecimiento, excluido del sitemap intencionalmente",false,https://www.kronosolopromocionales.com/productos/carpeta-folder-sencillo-en-pvc-1888/,0,100,"noindex,nofollow","noindex,follow",B_NOINDEX_INTENCIONAL
https://www.kronosolopromocionales.com/productos/set-de-escritorio-octagon-8072/,product,"is_ai_optimized=false — pendiente de enriquecimiento, excluido del sitemap intencionalmente",false,https://www.kronosolopromocionales.com/productos/set-de-escritorio-octagon-8072/,0,100,"noindex,nofollow","noindex,follow",B_NOINDEX_INTENCIONAL
https://www.kronosolopromocionales.com/productos/paraguas-dayton-23-9790/,product,"is_ai_optimized=false — pendiente de enriquecimiento, excluido del sitemap intencionalmente",false,https://www.kronosolopromocionales.com/productos/paraguas-dayton-23-9790/,0,100,"noindex,nofollow","noindex,follow",B_NOINDEX_INTENCIONAL
https://www.kronosolopromocionales.com/productos/paraguas-kenny-215-8909/,product,"is_ai_optimized=false — pendiente de enriquecimiento, excluido del sitemap intencionalmente",false,https://www.kronosolopromocionales.com/productos/paraguas-kenny-215-8909/,0,100,"noindex,nofollow","noindex,follow",B_NOINDEX_INTENCIONAL
https://www.kronosolopromocionales.com/productos/panos-humedos-antibacterial-60und-precio-bomba-6753/,product,"is_ai_optimized=false — pendiente de enriquecimiento, excluido del sitemap intencionalmente",false,https://www.kronosolopromocionales.com/productos/panos-humedos-antibacterial-60und-precio-bomba-6753/,0,100,"noindex,nofollow","noindex,follow",B_NOINDEX_INTENCIONAL
https://www.kronosolopromocionales.com/productos/reloj-digital-bowen-oferta-9789/,product,"is_ai_optimized=false — pendiente de enriquecimiento, excluido del sitemap intencionalmente",false,https://www.kronosolopromocionales.com/productos/reloj-digital-bowen-oferta-9789/,0,100,"noindex,nofollow","noindex,follow",B_NOINDEX_INTENCIONAL
https://www.kronosolopromocionales.com/productos/pila-recargable-power-bank-con-boton-2200mah-7517/,product,"is_ai_optimized=false — pendiente de enriquecimiento, excluido del sitemap intencionalmente",false,https://www.kronosolopromocionales.com/productos/pila-recargable-power-bank-con-boton-2200mah-7517/,0,100,"noindex,nofollow","noindex,follow",B_NOINDEX_INTENCIONAL
https://www.kronosolopromocionales.com/productos/pila-recargable-en-aluminio-4000mah-8727/,product,"is_ai_optimized=false — pendiente de enriquecimiento, excluido del sitemap intencionalmente",false,https://www.kronosolopromocionales.com/productos/pila-recargable-en-aluminio-4000mah-8727/,0,100,"noindex,nofollow","noindex,follow",B_NOINDEX_INTENCIONAL
https://www.kronosolopromocionales.com/productos/alcancia-elefante-2-1-6410/,product,"is_ai_optimized=false — pendiente de enriquecimiento, excluido del sitemap intencionalmente",false,https://www.kronosolopromocionales.com/productos/alcancia-elefante-2-1-6410/,0,100,"noindex,nofollow","noindex,follow",B_NOINDEX_INTENCIONAL
https://www.kronosolopromocionales.com/productos/alcancia-cow-oferta-7595/,product,"is_ai_optimized=false — pendiente de enriquecimiento, excluido del sitemap intencionalmente",false,https://www.kronosolopromocionales.com/productos/alcancia-cow-oferta-7595/,0,100,"noindex,nofollow","noindex,follow",B_NOINDEX_INTENCIONAL
https://www.kronosolopromocionales.com/productos/set-de-colores-kidz-6558/,product,"is_ai_optimized=false — pendiente de enriquecimiento, excluido del sitemap intencionalmente",false,https://www.kronosolopromocionales.com/productos/set-de-colores-kidz-6558/,0,100,"noindex,nofollow","noindex,follow",B_NOINDEX_INTENCIONAL
https://www.kronosolopromocionales.com/productos/maracas-produccion-nacional-5683/,product,"is_ai_optimized=false — pendiente de enriquecimiento, excluido del sitemap intencionalmente",false,https://www.kronosolopromocionales.com/productos/maracas-produccion-nacional-5683/,0,100,"noindex,nofollow","noindex,follow",B_NOINDEX_INTENCIONAL
https://www.kronosolopromocionales.com/productos/vuvuzela-produccion-nacional-5682/,product,"is_ai_optimized=false — pendiente de enriquecimiento, excluido del sitemap intencionalmente",false,https://www.kronosolopromocionales.com/productos/vuvuzela-produccion-nacional-5682/,0,100,"noindex,nofollow","noindex,follow",B_NOINDEX_INTENCIONAL
https://www.kronosolopromocionales.com/productos/boligrafo-flaggy-13287/,product,"is_ai_optimized=false — pendiente de enriquecimiento, excluido del sitemap intencionalmente",false,https://www.kronosolopromocionales.com/productos/boligrafo-flaggy-13287/,0,100,"noindex,nofollow","noindex,follow",B_NOINDEX_INTENCIONAL
https://www.kronosolopromocionales.com/productos/boligrafo-ventura-13349/,product,"is_ai_optimized=false — pendiente de enriquecimiento, excluido del sitemap intencionalmente",false,https://www.kronosolopromocionales.com/productos/boligrafo-ventura-13349/,0,100,"noindex,nofollow","noindex,follow",B_NOINDEX_INTENCIONAL
https://www.kronosolopromocionales.com/productos/cargador-inalambrico-magnet-3-1-eco-10746/,product,"is_ai_optimized=false — pendiente de enriquecimiento, excluido del sitemap intencionalmente",false,https://www.kronosolopromocionales.com/productos/cargador-inalambrico-magnet-3-1-eco-10746/,0,55,"noindex,nofollow","noindex,follow",B_NOINDEX_INTENCIONAL
https://www.kronosolopromocionales.com/productos/mug-toffee-300ml-10430/,product,"is_ai_optimized=false — pendiente de enriquecimiento, excluido del sitemap intencionalmente",false,https://www.kronosolopromocionales.com/productos/mug-toffee-300ml-10430/,0,55,"noindex,nofollow","noindex,follow",B_NOINDEX_INTENCIONAL
https://www.kronosolopromocionales.com/productos/set-de-herramientas-big-tire-10963/,product,"is_ai_optimized=false — pendiente de enriquecimiento, excluido del sitemap intencionalmente",false,https://www.kronosolopromocionales.com/productos/set-de-herramientas-big-tire-10963/,0,55,"noindex,nofollow","noindex,follow",B_NOINDEX_INTENCIONAL
https://www.kronosolopromocionales.com/productos/paraguas-27-5913-3858/,product,"is_ai_optimized=false — pendiente de enriquecimiento, excluido del sitemap intencionalmente",false,https://www.kronosolopromocionales.com/productos/paraguas-27-5913-3858/,0,80,"noindex,nofollow","noindex,follow",B_NOINDEX_INTENCIONAL
https://www.kronosolopromocionales.com/productos/set-ml-383-ii-13606/,product,"is_ai_optimized=false — pendiente de enriquecimiento, excluido del sitemap intencionalmente",false,https://www.kronosolopromocionales.com/productos/set-ml-383-ii-13606/,0,100,"noindex,nofollow","noindex,follow",B_NOINDEX_INTENCIONAL
https://www.kronosolopromocionales.com/productos/bolsa-en-algodon-vera-140gr-13614/,product,"is_ai_optimized=false — pendiente de enriquecimiento, excluido del sitemap intencionalmente",false,https://www.kronosolopromocionales.com/productos/bolsa-en-algodon-vera-140gr-13614/,0,100,"noindex,nofollow","noindex,follow",B_NOINDEX_INTENCIONAL
https://www.kronosolopromocionales.com/productos/bolsa-en-algodon-alva-100gr-13615/,product,"is_ai_optimized=false — pendiente de enriquecimiento, excluido del sitemap intencionalmente",false,https://www.kronosolopromocionales.com/productos/bolsa-en-algodon-alva-100gr-13615/,0,100,"noindex,nofollow","noindex,follow",B_NOINDEX_INTENCIONAL
https://www.kronosolopromocionales.com/productos/bolsa-en-algodon-nara-13616/,product,"is_ai_optimized=false — pendiente de enriquecimiento, excluido del sitemap intencionalmente",false,https://www.kronosolopromocionales.com/productos/bolsa-en-algodon-nara-13616/,0,100,"noindex,nofollow","noindex,follow",B_NOINDEX_INTENCIONAL
https://www.kronosolopromocionales.com/productos/sporty-bag-en-algodon-zetta-140gr-13617/,product,"is_ai_optimized=false — pendiente de enriquecimiento, excluido del sitemap intencionalmente",false,https://www.kronosolopromocionales.com/productos/sporty-bag-en-algodon-zetta-140gr-13617/,0,100,"noindex,nofollow","noindex,follow",B_NOINDEX_INTENCIONAL
