slug,name,id_prefix_novedades,suggested_category,matched_rule
candado-de-clave-tsa-nuevo-13537,Candado de Clave Tsa Nuevo,true,hogar,\bcandado\b|\bportarretrato\b|\bjoyero\b|\balcancia\b|\bcosturero\b|\bset de viaje\b|\bmini frascos travel\b|\bidentificador de maletas\b|\btravel lock\b|\bcobija\b|\bmanta de viaje\b|\bset de bano\b|\bset de botellas de viaje\b
rastreador-chili-card-nuevo-13533,Rastreador Chili Card Nuevo,true,tecnologia-promocional,\bspeaker\b|\baudifono|\bcargador inalambrico\b|\bmulticargador\b|\bpuerto usb\b|\bmouse\b|\brastreador\b|\bproyector\b|\bpila recargable\b|\bpowerbank\b|\bsoporte para (movil|celular)\b|\bportacelular\b|\bfunda para mouse\b|\bclip magnetico\b|\bcordon.*portacelular\b|\bcable tipo c\b
mug-metalico-para-sublimacion-kup-550-ml-nuevo-13572,Mug Metálico Para Sublimacion Kup 550 ml Nuevo,true,mugs-y-termos-personalizados,\bmugs?\b|\btermos?\b|\bcafetera\b
morral-backpack-taos-nuevo-13585,Morral Backpack Taos Nuevo,true,mochilas-y-maletines-personalizados,\bmorral\b|\bbackpack\b|\bbolsa\b|\bsporty bag\b|\bmaletin\b|\bcosmetiquera\b|\bportadocumentos\b
morral-backpack-barbour-nuevo-13586,Morral Backpack Barbour Nuevo,true,mochilas-y-maletines-personalizados,\bmorral\b|\bbackpack\b|\bbolsa\b|\bsporty bag\b|\bmaletin\b|\bcosmetiquera\b|\bportadocumentos\b
mug-metalico-dewar-400-ml-nuevo-13577,Mug Metálico Dewar 400 ml Nuevo,true,mugs-y-termos-personalizados,\bmugs?\b|\btermos?\b|\bcafetera\b
bolsa-en-cambrel-con-fuelle-para-sublimacion-nuevo-13587,Bolsa en Cambrel Con Fuelle Para Sublimación Nuevo,true,mochilas-y-maletines-personalizados,\bmorral\b|\bbackpack\b|\bbolsa\b|\bsporty bag\b|\bmaletin\b|\bcosmetiquera\b|\bportadocumentos\b
bolsa-en-cambrel-arcadia-para-sublimacion-nuevo-13591,Bolsa en Cambrel Arcadia Para Sublimación Nuevo,true,mochilas-y-maletines-personalizados,\bmorral\b|\bbackpack\b|\bbolsa\b|\bsporty bag\b|\bmaletin\b|\bcosmetiquera\b|\bportadocumentos\b
boligrafo-castell-nuevo-13588,Bolígrafo Castell Nuevo,true,boligrafos-publicitarios,\bboligrafos?\b|\broller\b|\bportaminas\b
nevera-cooler-origin-rpet-nuevo-13561,Nevera Cooler Origin Rpet Nuevo,true,hogar,\bnevera\b|\bcooler\b
portarretrato-kids-nuevo-13563,Portarretrato Kids Nuevo,true,hogar,\bcandado\b|\bportarretrato\b|\bjoyero\b|\balcancia\b|\bcosturero\b|\bset de viaje\b|\bmini frascos travel\b|\bidentificador de maletas\b|\btravel lock\b|\bcobija\b|\bmanta de viaje\b|\bset de bano\b|\bset de botellas de viaje\b
pila-recargable-byte-2200-mah-nuevo-13565,Pila Recargable Byte 2200 Mah Nuevo,true,tecnologia-promocional,\bspeaker\b|\baudifono|\bcargador inalambrico\b|\bmulticargador\b|\bpuerto usb\b|\bmouse\b|\brastreador\b|\bproyector\b|\bpila recargable\b|\bpowerbank\b|\bsoporte para (movil|celular)\b|\bportacelular\b|\bfunda para mouse\b|\bclip magnetico\b|\bcordon.*portacelular\b|\bcable tipo c\b
pila-recargable-kode-5000-mah-rpet-nuevo-13566,Pila Recargable Kode 5000 Mah Rpet Nuevo,true,tecnologia-promocional,\bspeaker\b|\baudifono|\bcargador inalambrico\b|\bmulticargador\b|\bpuerto usb\b|\bmouse\b|\brastreador\b|\bproyector\b|\bpila recargable\b|\bpowerbank\b|\bsoporte para (movil|celular)\b|\bportacelular\b|\bfunda para mouse\b|\bclip magnetico\b|\bcordon.*portacelular\b|\bcable tipo c\b
cepillo-de-dientes-bambu-nuevo-13567,Cepillo de Dientes Bambú Nuevo,true,cuidado-personal,\bcepillo de dientes\b|\bcepillo exfoliante\b|\bmanicure\b|\bmaquillaje\b|\bespejo\b|\bset de brochas\b|\btoalla\b|\brepelente\b|\bmasajeador\b
cepillo-de-dientes-travel-nuevo-13568,Cepillo de Dientes Travel Nuevo,true,cuidado-personal,\bcepillo de dientes\b|\bcepillo exfoliante\b|\bmanicure\b|\bmaquillaje\b|\bespejo\b|\bset de brochas\b|\btoalla\b|\brepelente\b|\bmasajeador\b
speaker-bluetooth-soccer-man-nuevo-13389,Speaker Bluetooth Soccer Man Nuevo,true,tecnologia-promocional,\bspeaker\b|\baudifono|\bcargador inalambrico\b|\bmulticargador\b|\bpuerto usb\b|\bmouse\b|\brastreador\b|\bproyector\b|\bpila recargable\b|\bpowerbank\b|\bsoporte para (movil|celular)\b|\bportacelular\b|\bfunda para mouse\b|\bclip magnetico\b|\bcordon.*portacelular\b|\bcable tipo c\b
cobija-en-fleece-con-velcro-nuevo-6313,Cobija en Fleece Con Velcro Nuevo,true,hogar,\bcandado\b|\bportarretrato\b|\bjoyero\b|\balcancia\b|\bcosturero\b|\bset de viaje\b|\bmini frascos travel\b|\bidentificador de maletas\b|\btravel lock\b|\bcobija\b|\bmanta de viaje\b|\bset de bano\b|\bset de botellas de viaje\b
cargador-inalambrico-element-nuevo-13541,Cargador Inalámbrico Element Nuevo,true,tecnologia-promocional,\bspeaker\b|\baudifono|\bcargador inalambrico\b|\bmulticargador\b|\bpuerto usb\b|\bmouse\b|\brastreador\b|\bproyector\b|\bpila recargable\b|\bpowerbank\b|\bsoporte para (movil|celular)\b|\bportacelular\b|\bfunda para mouse\b|\bclip magnetico\b|\bcordon.*portacelular\b|\bcable tipo c\b
set-vera-nuevo-13542,Set Vera Nuevo,true,REQUIRES_REVIEW,
cepillo-exfoliante-skin-nuevo-13543,Cepillo Exfoliante Skin Nuevo,true,cuidado-personal,\bcepillo de dientes\b|\bcepillo exfoliante\b|\bmanicure\b|\bmaquillaje\b|\bespejo\b|\bset de brochas\b|\btoalla\b|\brepelente\b|\bmasajeador\b
set-de-cubiertos-craft-nuevo-13545,Set de Cubiertos Craft Nuevo,true,hogar,\bset de cocina\b|\bportacomidas\b|\bcoge ollas\b|\bmolde para paletas\b|\bset de cubiertos\b|\bventilador\b
joyero-en-algodon-200-gr-nuevo-13547,Joyero en Algodón (200 Gr) Nuevo,true,hogar,\bcandado\b|\bportarretrato\b|\bjoyero\b|\balcancia\b|\bcosturero\b|\bset de viaje\b|\bmini frascos travel\b|\bidentificador de maletas\b|\btravel lock\b|\bcobija\b|\bmanta de viaje\b|\bset de bano\b|\bset de botellas de viaje\b
speaker-bluetooth-soccer-ball-13276,Speaker Bluetooth Soccer Ball,true,tecnologia-promocional,\bspeaker\b|\baudifono|\bcargador inalambrico\b|\bmulticargador\b|\bpuerto usb\b|\bmouse\b|\brastreador\b|\bproyector\b|\bpila recargable\b|\bpowerbank\b|\bsoporte para (movil|celular)\b|\bportacelular\b|\bfunda para mouse\b|\bclip magnetico\b|\bcordon.*portacelular\b|\bcable tipo c\b
speaker-bluetooth-aqua-13277,Speaker Bluetooth Aqua,true,tecnologia-promocional,\bspeaker\b|\baudifono|\bcargador inalambrico\b|\bmulticargador\b|\bpuerto usb\b|\bmouse\b|\brastreador\b|\bproyector\b|\bpila recargable\b|\bpowerbank\b|\bsoporte para (movil|celular)\b|\bportacelular\b|\bfunda para mouse\b|\bclip magnetico\b|\bcordon.*portacelular\b|\bcable tipo c\b
puerto-usb-syntra-13303,Puerto Usb Syntra,true,tecnologia-promocional,\bspeaker\b|\baudifono|\bcargador inalambrico\b|\bmulticargador\b|\bpuerto usb\b|\bmouse\b|\brastreador\b|\bproyector\b|\bpila recargable\b|\bpowerbank\b|\bsoporte para (movil|celular)\b|\bportacelular\b|\bfunda para mouse\b|\bclip magnetico\b|\bcordon.*portacelular\b|\bcable tipo c\b
mug-metalico-vinga-eco-350-ml-13313,Mug Metálico Vinga Eco 350 ml,true,mugs-y-termos-personalizados,\bmugs?\b|\btermos?\b|\bcafetera\b
pila-recargable-digital-display5000-mah-13316,Pila Recargable Digital Display5000 Mah,true,tecnologia-promocional,\bspeaker\b|\baudifono|\bcargador inalambrico\b|\bmulticargador\b|\bpuerto usb\b|\bmouse\b|\brastreador\b|\bproyector\b|\bpila recargable\b|\bpowerbank\b|\bsoporte para (movil|celular)\b|\bportacelular\b|\bfunda para mouse\b|\bclip magnetico\b|\bcordon.*portacelular\b|\bcable tipo c\b
pila-recargable-nomu-5000mah-13317,Pila Recargable Nomu 5000mah,true,tecnologia-promocional,\bspeaker\b|\baudifono|\bcargador inalambrico\b|\bmulticargador\b|\bpuerto usb\b|\bmouse\b|\brastreador\b|\bproyector\b|\bpila recargable\b|\bpowerbank\b|\bsoporte para (movil|celular)\b|\bportacelular\b|\bfunda para mouse\b|\bclip magnetico\b|\bcordon.*portacelular\b|\bcable tipo c\b
set-de-herramientas-hammer-13325,Set de Herramientas Hammer,true,herramientas,\bherramient|\bmartillo\b
set-de-herramientas-bamboo-13326,Set de Herramientas Bamboo,true,herramientas,\bherramient|\bmartillo\b
cargador-inalambrico-heston-13328,Cargador Inalambrico Heston,true,tecnologia-promocional,\bspeaker\b|\baudifono|\bcargador inalambrico\b|\bmulticargador\b|\bpuerto usb\b|\bmouse\b|\brastreador\b|\bproyector\b|\bpila recargable\b|\bpowerbank\b|\bsoporte para (movil|celular)\b|\bportacelular\b|\bfunda para mouse\b|\bclip magnetico\b|\bcordon.*portacelular\b|\bcable tipo c\b
portacomidas-wing-eco-13329,Portacomidas Wing Eco,true,hogar,\bset de cocina\b|\bportacomidas\b|\bcoge ollas\b|\bmolde para paletas\b|\bset de cubiertos\b|\bventilador\b
mini-herramientero-kronus-13335,Mini Herramientero Kronus,true,herramientas,\bherramient|\bmartillo\b
audifonos-tekflow-13339,Audifonos Tekflow,true,tecnologia-promocional,\bspeaker\b|\baudifono|\bcargador inalambrico\b|\bmulticargador\b|\bpuerto usb\b|\bmouse\b|\brastreador\b|\bproyector\b|\bpila recargable\b|\bpowerbank\b|\bsoporte para (movil|celular)\b|\bportacelular\b|\bfunda para mouse\b|\bclip magnetico\b|\bcordon.*portacelular\b|\bcable tipo c\b
llavero-metro-tools-13351,Llavero Metro Tools,true,llaveros-personalizados,\bllavero
llavero-metro-3-1-13354,Llavero Metro 3-1,true,llaveros-personalizados,\bllavero
mug-plastico-voltra-400ml-13247,Mug Plastico Voltra 400ml,true,mugs-y-termos-personalizados,\bmugs?\b|\btermos?\b|\bcafetera\b
portacomidas-stora-eco-13242,Portacomidas Stora Eco,true,hogar,\bset de cocina\b|\bportacomidas\b|\bcoge ollas\b|\bmolde para paletas\b|\bset de cubiertos\b|\bventilador\b
mug-plastico-glimm-eco-300ml-13245,Mug Plastico Glimm Eco 300ml,true,mugs-y-termos-personalizados,\bmugs?\b|\btermos?\b|\bcafetera\b
molde-para-paletas-13270,Molde Para Paletas,true,hogar,\bset de cocina\b|\bportacomidas\b|\bcoge ollas\b|\bmolde para paletas\b|\bset de cubiertos\b|\bventilador\b
set-glim-13272,Set Glim,true,REQUIRES_REVIEW,
set-sos-13273,Set Sos,true,REQUIRES_REVIEW,
llavero-destapador-truck-13257,Llavero Destapador Truck,true,llaveros-personalizados,\bllavero
llavero-destapador-motorbike-13258,Llavero Destapador Motorbike,true,llaveros-personalizados,\bllavero
llavero-destapador-broq-13259,Llavero Destapador Broq,true,llaveros-personalizados,\bllavero
mug-ethio-cofee-473-ml-13219,Mug Ethio Cofee 473 ml,true,mugs-y-termos-personalizados,\bmugs?\b|\btermos?\b|\bcafetera\b
multicargador-con-puertos-fast-35w-13225,Multicargador Con Puertos Fast 35w,true,tecnologia-promocional,\bspeaker\b|\baudifono|\bcargador inalambrico\b|\bmulticargador\b|\bpuerto usb\b|\bmouse\b|\brastreador\b|\bproyector\b|\bpila recargable\b|\bpowerbank\b|\bsoporte para (movil|celular)\b|\bportacelular\b|\bfunda para mouse\b|\bclip magnetico\b|\bcordon.*portacelular\b|\bcable tipo c\b
cooler-para-botellas-13232,Cooler Para Botellas,true,hogar,\bnevera\b|\bcooler\b
mug-metalico-lumix-600-ml-13237,Mug Metálico Lumix 600 ml,true,mugs-y-termos-personalizados,\bmugs?\b|\btermos?\b|\bcafetera\b
set-de-mugs-metalicos-stylor-200-ml-13238,Set de Mugs Metálicos Stylor 200 ml,true,mugs-y-termos-personalizados,\bmugs?\b|\btermos?\b|\bcafetera\b
mini-aspiradora-lautus-13515,Mini Aspiradora Lautus,true,REQUIRES_REVIEW,
mini-herramientero-clipin-13518,Mini Herramientero Clipin,true,herramientas,\bherramient|\bmartillo\b
destapador-house-bamboo-13519,Destapador House Bamboo,true,REQUIRES_REVIEW,
mug-metalico-lumora-300ml-13524,Mug Metálico Lumora 300ml,true,mugs-y-termos-personalizados,\bmugs?\b|\btermos?\b|\bcafetera\b
mug-plastico-atom-370-ml-produccion-nacional-13530,Mug Plastico Atom 370 ml - Producción Nacional,true,mugs-y-termos-personalizados,\bmugs?\b|\btermos?\b|\bcafetera\b
cable-multicargador-spectra-13390,Cable Multicargador Spectra,true,tecnologia-promocional,\bspeaker\b|\baudifono|\bcargador inalambrico\b|\bmulticargador\b|\bpuerto usb\b|\bmouse\b|\brastreador\b|\bproyector\b|\bpila recargable\b|\bpowerbank\b|\bsoporte para (movil|celular)\b|\bportacelular\b|\bfunda para mouse\b|\bclip magnetico\b|\bcordon.*portacelular\b|\bcable tipo c\b
mouse-inalambrico-zenith-eco-13391,Mouse Inalambrico Zenith Eco,true,tecnologia-promocional,\bspeaker\b|\baudifono|\bcargador inalambrico\b|\bmulticargador\b|\bpuerto usb\b|\bmouse\b|\brastreador\b|\bproyector\b|\bpila recargable\b|\bpowerbank\b|\bsoporte para (movil|celular)\b|\bportacelular\b|\bfunda para mouse\b|\bclip magnetico\b|\bcordon.*portacelular\b|\bcable tipo c\b
soporte-para-movil-nyro-13392,Soporte Para Movil Nyro,true,tecnologia-promocional,\bspeaker\b|\baudifono|\bcargador inalambrico\b|\bmulticargador\b|\bpuerto usb\b|\bmouse\b|\brastreador\b|\bproyector\b|\bpila recargable\b|\bpowerbank\b|\bsoporte para (movil|celular)\b|\bportacelular\b|\bfunda para mouse\b|\bclip magnetico\b|\bcordon.*portacelular\b|\bcable tipo c\b
soporte-para-movil-chair-13393,Soporte Para Movil Chair,true,tecnologia-promocional,\bspeaker\b|\baudifono|\bcargador inalambrico\b|\bmulticargador\b|\bpuerto usb\b|\bmouse\b|\brastreador\b|\bproyector\b|\bpila recargable\b|\bpowerbank\b|\bsoporte para (movil|celular)\b|\bportacelular\b|\bfunda para mouse\b|\bclip magnetico\b|\bcordon.*portacelular\b|\bcable tipo c\b
soporte-para-celular-magmount-eco-13397,Soporte Para Celular Magmount Eco,true,tecnologia-promocional,\bspeaker\b|\baudifono|\bcargador inalambrico\b|\bmulticargador\b|\bpuerto usb\b|\bmouse\b|\brastreador\b|\bproyector\b|\bpila recargable\b|\bpowerbank\b|\bsoporte para (movil|celular)\b|\bportacelular\b|\bfunda para mouse\b|\bclip magnetico\b|\bcordon.*portacelular\b|\bcable tipo c\b
cargador-inalambrico-con-tablero-13388,Cargador Inalámbrico Con Tablero,true,tecnologia-promocional,\bspeaker\b|\baudifono|\bcargador inalambrico\b|\bmulticargador\b|\bpuerto usb\b|\bmouse\b|\brastreador\b|\bproyector\b|\bpila recargable\b|\bpowerbank\b|\bsoporte para (movil|celular)\b|\bportacelular\b|\bfunda para mouse\b|\bclip magnetico\b|\bcordon.*portacelular\b|\bcable tipo c\b
cable-multicargador-fast-65w-13364,Cable Multicargador Fast 65w,true,tecnologia-promocional,\bspeaker\b|\baudifono|\bcargador inalambrico\b|\bmulticargador\b|\bpuerto usb\b|\bmouse\b|\brastreador\b|\bproyector\b|\bpila recargable\b|\bpowerbank\b|\bsoporte para (movil|celular)\b|\bportacelular\b|\bfunda para mouse\b|\bclip magnetico\b|\bcordon.*portacelular\b|\bcable tipo c\b
cable-multicargador-eco-fast-65w-13365,Cable Multicargador Eco Fast 65w,true,tecnologia-promocional,\bspeaker\b|\baudifono|\bcargador inalambrico\b|\bmulticargador\b|\bpuerto usb\b|\bmouse\b|\brastreador\b|\bproyector\b|\bpila recargable\b|\bpowerbank\b|\bsoporte para (movil|celular)\b|\bportacelular\b|\bfunda para mouse\b|\bclip magnetico\b|\bcordon.*portacelular\b|\bcable tipo c\b
mug-metalico-terra-720ml-13367,Mug Metálico Terra 720ml,true,mugs-y-termos-personalizados,\bmugs?\b|\btermos?\b|\bcafetera\b
portacomidas-novus-13368,Portacomidas Novus,true,hogar,\bset de cocina\b|\bportacomidas\b|\bcoge ollas\b|\bmolde para paletas\b|\bset de cubiertos\b|\bventilador\b
portacomidas-triton-13369,Portacomidas Triton,true,hogar,\bset de cocina\b|\bportacomidas\b|\bcoge ollas\b|\bmolde para paletas\b|\bset de cubiertos\b|\bventilador\b
portacomidas-jolt-13370,Portacomidas Jolt,true,hogar,\bset de cocina\b|\bportacomidas\b|\bcoge ollas\b|\bmolde para paletas\b|\bset de cubiertos\b|\bventilador\b
mug-metalico-micron-800ml-13371,Mug Metálico Micron 800ml,true,mugs-y-termos-personalizados,\bmugs?\b|\btermos?\b|\bcafetera\b
audifonos-bluetooth-con-traductor-13379,Audífonos Bluetooth Con Traductor,true,tecnologia-promocional,\bspeaker\b|\baudifono|\bcargador inalambrico\b|\bmulticargador\b|\bpuerto usb\b|\bmouse\b|\brastreador\b|\bproyector\b|\bpila recargable\b|\bpowerbank\b|\bsoporte para (movil|celular)\b|\bportacelular\b|\bfunda para mouse\b|\bclip magnetico\b|\bcordon.*portacelular\b|\bcable tipo c\b
audifonos-bluetooth-kynor-13381,Audífonos Bluetooth Kynor,true,tecnologia-promocional,\bspeaker\b|\baudifono|\bcargador inalambrico\b|\bmulticargador\b|\bpuerto usb\b|\bmouse\b|\brastreador\b|\bproyector\b|\bpila recargable\b|\bpowerbank\b|\bsoporte para (movil|celular)\b|\bportacelular\b|\bfunda para mouse\b|\bclip magnetico\b|\bcordon.*portacelular\b|\bcable tipo c\b
audifonos-bluetooth-screen-13382,Audífonos Bluetooth Screen,true,tecnologia-promocional,\bspeaker\b|\baudifono|\bcargador inalambrico\b|\bmulticargador\b|\bpuerto usb\b|\bmouse\b|\brastreador\b|\bproyector\b|\bpila recargable\b|\bpowerbank\b|\bsoporte para (movil|celular)\b|\bportacelular\b|\bfunda para mouse\b|\bclip magnetico\b|\bcordon.*portacelular\b|\bcable tipo c\b
audifonos-bluetooth-devola-13383,Audífonos Bluetooth Devola,true,tecnologia-promocional,\bspeaker\b|\baudifono|\bcargador inalambrico\b|\bmulticargador\b|\bpuerto usb\b|\bmouse\b|\brastreador\b|\bproyector\b|\bpila recargable\b|\bpowerbank\b|\bsoporte para (movil|celular)\b|\bportacelular\b|\bfunda para mouse\b|\bclip magnetico\b|\bcordon.*portacelular\b|\bcable tipo c\b
mini-proyector-lcd-13384,Mini Proyector Lcd,true,tecnologia-promocional,\bspeaker\b|\baudifono|\bcargador inalambrico\b|\bmulticargador\b|\bpuerto usb\b|\bmouse\b|\brastreador\b|\bproyector\b|\bpila recargable\b|\bpowerbank\b|\bsoporte para (movil|celular)\b|\bportacelular\b|\bfunda para mouse\b|\bclip magnetico\b|\bcordon.*portacelular\b|\bcable tipo c\b
audifonos-bluetooth-soccer-ball-13385,Audífonos Bluetooth Soccer Ball,true,tecnologia-promocional,\bspeaker\b|\baudifono|\bcargador inalambrico\b|\bmulticargador\b|\bpuerto usb\b|\bmouse\b|\brastreador\b|\bproyector\b|\bpila recargable\b|\bpowerbank\b|\bsoporte para (movil|celular)\b|\bportacelular\b|\bfunda para mouse\b|\bclip magnetico\b|\bcordon.*portacelular\b|\bcable tipo c\b
cargador-inalambrico-bamboo-clock-13404,Cargador Inalámbrico Bamboo Clock,true,tecnologia-promocional,\bspeaker\b|\baudifono|\bcargador inalambrico\b|\bmulticargador\b|\bpuerto usb\b|\bmouse\b|\brastreador\b|\bproyector\b|\bpila recargable\b|\bpowerbank\b|\bsoporte para (movil|celular)\b|\bportacelular\b|\bfunda para mouse\b|\bclip magnetico\b|\bcordon.*portacelular\b|\bcable tipo c\b
set-de-limpieza-nomi-13408,Set de Limpieza Nomi,true,REQUIRES_REVIEW,
cable-tipo-c-1mt-13410,Cable Tipo c 1mt,true,tecnologia-promocional,\bspeaker\b|\baudifono|\bcargador inalambrico\b|\bmulticargador\b|\bpuerto usb\b|\bmouse\b|\brastreador\b|\bproyector\b|\bpila recargable\b|\bpowerbank\b|\bsoporte para (movil|celular)\b|\bportacelular\b|\bfunda para mouse\b|\bclip magnetico\b|\bcordon.*portacelular\b|\bcable tipo c\b
pila-recargable-powerbank-astro-2000mah-13411,Pila Recargable Powerbank Astro 2000mah,true,tecnologia-promocional,\bspeaker\b|\baudifono|\bcargador inalambrico\b|\bmulticargador\b|\bpuerto usb\b|\bmouse\b|\brastreador\b|\bproyector\b|\bpila recargable\b|\bpowerbank\b|\bsoporte para (movil|celular)\b|\bportacelular\b|\bfunda para mouse\b|\bclip magnetico\b|\bcordon.*portacelular\b|\bcable tipo c\b
puerto-usb-apex-13414,Puerto Usb Apex,true,tecnologia-promocional,\bspeaker\b|\baudifono|\bcargador inalambrico\b|\bmulticargador\b|\bpuerto usb\b|\bmouse\b|\brastreador\b|\bproyector\b|\bpila recargable\b|\bpowerbank\b|\bsoporte para (movil|celular)\b|\bportacelular\b|\bfunda para mouse\b|\bclip magnetico\b|\bcordon.*portacelular\b|\bcable tipo c\b
pila-recargable-nevol-2000mah-13421,Pila Recargable Nevol 2000mah,true,tecnologia-promocional,\bspeaker\b|\baudifono|\bcargador inalambrico\b|\bmulticargador\b|\bpuerto usb\b|\bmouse\b|\brastreador\b|\bproyector\b|\bpila recargable\b|\bpowerbank\b|\bsoporte para (movil|celular)\b|\bportacelular\b|\bfunda para mouse\b|\bclip magnetico\b|\bcordon.*portacelular\b|\bcable tipo c\b
pila-recargable-zyma10000mah-13422,Pila Recargable Zyma10000mah,true,tecnologia-promocional,\bspeaker\b|\baudifono|\bcargador inalambrico\b|\bmulticargador\b|\bpuerto usb\b|\bmouse\b|\brastreador\b|\bproyector\b|\bpila recargable\b|\bpowerbank\b|\bsoporte para (movil|celular)\b|\bportacelular\b|\bfunda para mouse\b|\bclip magnetico\b|\bcordon.*portacelular\b|\bcable tipo c\b
bolsa-en-algodon-y-yute-13436,Bolsa en Algodón y Yute,true,mochilas-y-maletines-personalizados,\bmorral\b|\bbackpack\b|\bbolsa\b|\bsporty bag\b|\bmaletin\b|\bcosmetiquera\b|\bportadocumentos\b
portacomidas-puzzle-13437,Portacomidas Puzzle,true,hogar,\bset de cocina\b|\bportacomidas\b|\bcoge ollas\b|\bmolde para paletas\b|\bset de cubiertos\b|\bventilador\b
set-de-cocina-trattoria-13433,Set de Cocina Trattoria,true,hogar,\bset de cocina\b|\bportacomidas\b|\bcoge ollas\b|\bmolde para paletas\b|\bset de cubiertos\b|\bventilador\b
cable-multicargador-gauss-eco-13444,Cable Multicargador Gauss Eco,true,tecnologia-promocional,\bspeaker\b|\baudifono|\bcargador inalambrico\b|\bmulticargador\b|\bpuerto usb\b|\bmouse\b|\brastreador\b|\bproyector\b|\bpila recargable\b|\bpowerbank\b|\bsoporte para (movil|celular)\b|\bportacelular\b|\bfunda para mouse\b|\bclip magnetico\b|\bcordon.*portacelular\b|\bcable tipo c\b
mug-metalico-juggy-880ml-13450,Mug Metálico Juggy 880ml,true,mugs-y-termos-personalizados,\bmugs?\b|\btermos?\b|\bcafetera\b
masajeador-roller-2-1-13452,Masajeador Roller 2-1,true,boligrafos-publicitarios,\bboligrafos?\b|\broller\b|\bportaminas\b
portacelular-elephant-13453,Portacelular Elephant,true,tecnologia-promocional,\bspeaker\b|\baudifono|\bcargador inalambrico\b|\bmulticargador\b|\bpuerto usb\b|\bmouse\b|\brastreador\b|\bproyector\b|\bpila recargable\b|\bpowerbank\b|\bsoporte para (movil|celular)\b|\bportacelular\b|\bfunda para mouse\b|\bclip magnetico\b|\bcordon.*portacelular\b|\bcable tipo c\b
clip-magnetico-2-1-13455,Clip Magnetico 2-1,true,tecnologia-promocional,\bspeaker\b|\baudifono|\bcargador inalambrico\b|\bmulticargador\b|\bpuerto usb\b|\bmouse\b|\brastreador\b|\bproyector\b|\bpila recargable\b|\bpowerbank\b|\bsoporte para (movil|celular)\b|\bportacelular\b|\bfunda para mouse\b|\bclip magnetico\b|\bcordon.*portacelular\b|\bcable tipo c\b
martillo-reflex-13456,Martillo Reflex,true,herramientas,\bherramient|\bmartillo\b
mug-metalico-noma-chili-900ml-13459,Mug Metálico Noma Chili 900ml,true,mugs-y-termos-personalizados,\bmugs?\b|\btermos?\b|\bcafetera\b
speaker-bluetooth-fyra-13466,Speaker Bluetooth Fyra,true,tecnologia-promocional,\bspeaker\b|\baudifono|\bcargador inalambrico\b|\bmulticargador\b|\bpuerto usb\b|\bmouse\b|\brastreador\b|\bproyector\b|\bpila recargable\b|\bpowerbank\b|\bsoporte para (movil|celular)\b|\bportacelular\b|\bfunda para mouse\b|\bclip magnetico\b|\bcordon.*portacelular\b|\bcable tipo c\b
mug-metalico-avenix380-ml-13468,Mug Metálico Avenix380 ml,true,mugs-y-termos-personalizados,\bmugs?\b|\btermos?\b|\bcafetera\b
speaker-bluetooth-bambino-3-1-13470,Speaker Bluetooth Bambino 3-1,true,tecnologia-promocional,\bspeaker\b|\baudifono|\bcargador inalambrico\b|\bmulticargador\b|\bpuerto usb\b|\bmouse\b|\brastreador\b|\bproyector\b|\bpila recargable\b|\bpowerbank\b|\bsoporte para (movil|celular)\b|\bportacelular\b|\bfunda para mouse\b|\bclip magnetico\b|\bcordon.*portacelular\b|\bcable tipo c\b
speaker-bluetooth-auralux-13471,Speaker Bluetooth Auralux,true,tecnologia-promocional,\bspeaker\b|\baudifono|\bcargador inalambrico\b|\bmulticargador\b|\bpuerto usb\b|\bmouse\b|\brastreador\b|\bproyector\b|\bpila recargable\b|\bpowerbank\b|\bsoporte para (movil|celular)\b|\bportacelular\b|\bfunda para mouse\b|\bclip magnetico\b|\bcordon.*portacelular\b|\bcable tipo c\b
mug-plastico-quovo-500ml-13474,Mug Plastico Quovo 500ml,true,mugs-y-termos-personalizados,\bmugs?\b|\btermos?\b|\bcafetera\b
cargador-inalambrico-voss-13475,Cargador Inalambrico Voss,true,tecnologia-promocional,\bspeaker\b|\baudifono|\bcargador inalambrico\b|\bmulticargador\b|\bpuerto usb\b|\bmouse\b|\brastreador\b|\bproyector\b|\bpila recargable\b|\bpowerbank\b|\bsoporte para (movil|celular)\b|\bportacelular\b|\bfunda para mouse\b|\bclip magnetico\b|\bcordon.*portacelular\b|\bcable tipo c\b
cable-multicargador-voss-13476,Cable Multicargador Voss,true,tecnologia-promocional,\bspeaker\b|\baudifono|\bcargador inalambrico\b|\bmulticargador\b|\bpuerto usb\b|\bmouse\b|\brastreador\b|\bproyector\b|\bpila recargable\b|\bpowerbank\b|\bsoporte para (movil|celular)\b|\bportacelular\b|\bfunda para mouse\b|\bclip magnetico\b|\bcordon.*portacelular\b|\bcable tipo c\b
cargador-inalambrico-con-cables-4-1-13478,Cargador Inalambrico Con Cables 4-1,true,tecnologia-promocional,\bspeaker\b|\baudifono|\bcargador inalambrico\b|\bmulticargador\b|\bpuerto usb\b|\bmouse\b|\brastreador\b|\bproyector\b|\bpila recargable\b|\bpowerbank\b|\bsoporte para (movil|celular)\b|\bportacelular\b|\bfunda para mouse\b|\bclip magnetico\b|\bcordon.*portacelular\b|\bcable tipo c\b
mug-metalico-camper-urban-travel-1100-ml-13479,Mug Metálico Camper Urban Travel 1100 ml,true,mugs-y-termos-personalizados,\bmugs?\b|\btermos?\b|\bcafetera\b
mug-en-ceramica-earth-450ml-13482,Mug en Ceramica Earth 450ml,true,mugs-y-termos-personalizados,\bmugs?\b|\btermos?\b|\bcafetera\b
mug-en-ceramica-rubber-325ml-13483,Mug en Ceramica Rubber 325ml,true,mugs-y-termos-personalizados,\bmugs?\b|\btermos?\b|\bcafetera\b
mug-kolly-500-ml-13488,Mug Kolly 500 ml,true,mugs-y-termos-personalizados,\bmugs?\b|\btermos?\b|\bcafetera\b
mug-metalico-boof-600-ml-13489,Mug Metálico Boof 600 ml,true,mugs-y-termos-personalizados,\bmugs?\b|\btermos?\b|\bcafetera\b
mug-metalico-tasso-500ml-13463,Mug Metálico Tasso 500ml,true,mugs-y-termos-personalizados,\bmugs?\b|\btermos?\b|\bcafetera\b
mug-metalico-brumo-1200ml-13464,Mug Metálico Brumo 1200ml,true,mugs-y-termos-personalizados,\bmugs?\b|\btermos?\b|\bcafetera\b
coge-ollas-con-silicona-13497,Coge Ollas Con Silicona,true,hogar,\bset de cocina\b|\bportacomidas\b|\bcoge ollas\b|\bmolde para paletas\b|\bset de cubiertos\b|\bventilador\b
funda-para-mouse-13493,Funda Para Mouse,true,tecnologia-promocional,\bspeaker\b|\baudifono|\bcargador inalambrico\b|\bmulticargador\b|\bpuerto usb\b|\bmouse\b|\brastreador\b|\bproyector\b|\bpila recargable\b|\bpowerbank\b|\bsoporte para (movil|celular)\b|\bportacelular\b|\bfunda para mouse\b|\bclip magnetico\b|\bcordon.*portacelular\b|\bcable tipo c\b
costurero-valen-13340,Costurero Valen,true,hogar,\bcandado\b|\bportarretrato\b|\bjoyero\b|\balcancia\b|\bcosturero\b|\bset de viaje\b|\bmini frascos travel\b|\bidentificador de maletas\b|\btravel lock\b|\bcobija\b|\bmanta de viaje\b|\bset de bano\b|\bset de botellas de viaje\b
set-de-mini-frascos-travel-13330,Set de Mini Frascos Travel,true,hogar,\bcandado\b|\bportarretrato\b|\bjoyero\b|\balcancia\b|\bcosturero\b|\bset de viaje\b|\bmini frascos travel\b|\bidentificador de maletas\b|\btravel lock\b|\bcobija\b|\bmanta de viaje\b|\bset de bano\b|\bset de botellas de viaje\b
llavero-pop-it-bolt-13321,Llavero Pop it Bolt,true,llaveros-personalizados,\bllavero
apoya-munecas-pop-it-13322,Apoya Muñecas Pop it,true,antiestres,\bantiestres\b|\bpop it\b
antiestres-pop-it-13318,Antiestres Pop it,true,antiestres,\bantiestres\b|\bpop it\b
paraguas-comforella-20-13283,Paraguas Comforella 20,true,paraguas,\bparaguas\b
paraguas-easyroll-23-13285,Paraguas Easyroll 23,true,paraguas,\bparaguas\b
paraguas-voltus-27-urban-travel-13233,Paraguas Voltus 27'' Urban Travel,true,paraguas,\bparaguas\b
mini-paraguas-hook-21-urban-travel-13234,Mini Paraguas Hook 21'' Urban Travel,true,paraguas,\bparaguas\b
mini-paraguas-super-light-21-urban-travel-13235,Mini Paraguas Super Light 21' Urban Travel,true,paraguas,\bparaguas\b
manilla-pocket-13249,Manilla Pocket,true,REQUIRES_REVIEW,
banda-head-13250,Banda Head,true,REQUIRES_REVIEW,
set-de-manicure-zeldra-13491,Set de Manicure Zeldra,true,cuidado-personal,\bcepillo de dientes\b|\bcepillo exfoliante\b|\bmanicure\b|\bmaquillaje\b|\bespejo\b|\bset de brochas\b|\btoalla\b|\brepelente\b|\bmasajeador\b
balaca-para-maquillaje-13484,Balaca Para Maquillaje,true,cuidado-personal,\bcepillo de dientes\b|\bcepillo exfoliante\b|\bmanicure\b|\bmaquillaje\b|\bespejo\b|\bset de brochas\b|\btoalla\b|\brepelente\b|\bmasajeador\b
toalla-cooltech-13481,Toalla Cooltech,true,cuidado-personal,\bcepillo de dientes\b|\bcepillo exfoliante\b|\bmanicure\b|\bmaquillaje\b|\bespejo\b|\bset de brochas\b|\btoalla\b|\brepelente\b|\bmasajeador\b
tijeras-plasticas-13454,Tijeras Plasticas,true,REQUIRES_REVIEW,
cepillo-en-silicona-eco-13430,Cepillo en Silicona Eco,true,REQUIRES_REVIEW,
set-de-maquillaje-tasking-13432,Set de Maquillaje Tasking,true,cuidado-personal,\bcepillo de dientes\b|\bcepillo exfoliante\b|\bmanicure\b|\bmaquillaje\b|\bespejo\b|\bset de brochas\b|\btoalla\b|\brepelente\b|\bmasajeador\b
espejo-con-luz-garda-13413,Espejo Con Luz Garda,true,cuidado-personal,\bcepillo de dientes\b|\bcepillo exfoliante\b|\bmanicure\b|\bmaquillaje\b|\bespejo\b|\bset de brochas\b|\btoalla\b|\brepelente\b|\bmasajeador\b
espejo-shower-13419,Espejo Shower,true,cuidado-personal,\bcepillo de dientes\b|\bcepillo exfoliante\b|\bmanicure\b|\bmaquillaje\b|\bespejo\b|\bset de brochas\b|\btoalla\b|\brepelente\b|\bmasajeador\b
espejo-flex-square-13420,Espejo Flex Square,true,cuidado-personal,\bcepillo de dientes\b|\bcepillo exfoliante\b|\bmanicure\b|\bmaquillaje\b|\bespejo\b|\bset de brochas\b|\btoalla\b|\brepelente\b|\bmasajeador\b
set-de-brochas-mirror-light-13409,Set de Brochas Mirror Light,true,cuidado-personal,\bcepillo de dientes\b|\bcepillo exfoliante\b|\bmanicure\b|\bmaquillaje\b|\bespejo\b|\bset de brochas\b|\btoalla\b|\brepelente\b|\bmasajeador\b
masajeador-brandon-13521,Masajeador Brandon,true,cuidado-personal,\bcepillo de dientes\b|\bcepillo exfoliante\b|\bmanicure\b|\bmaquillaje\b|\bespejo\b|\bset de brochas\b|\btoalla\b|\brepelente\b|\bmasajeador\b
memo-pad-con-destapador-13337,Memo Pad Con Destapador,true,articulos-de-oficina-personalizados,\borganizador de escritorio\b|\borganizador multiusos\b|\bportaboligrafos\b|\bcalendario\b|\blibreta\b|\bsticky set\b|\bmemo pad\b|\btabla clip\b|\btabla anotadora\b|\bresaltador|\bborrador\b
set-de-viaje-icarus-13348,Set de Viaje Icarus,true,hogar,\bcandado\b|\bportarretrato\b|\bjoyero\b|\balcancia\b|\bcosturero\b|\bset de viaje\b|\bmini frascos travel\b|\bidentificador de maletas\b|\btravel lock\b|\bcobija\b|\bmanta de viaje\b|\bset de bano\b|\bset de botellas de viaje\b
cepillo-para-mascota-13427,Cepillo Para Mascota,true,REQUIRES_REVIEW,
identificador-de-maletas-en-pvc-13490,Identificador de Maletas en Pvc,true,hogar,\bcandado\b|\bportarretrato\b|\bjoyero\b|\balcancia\b|\bcosturero\b|\bset de viaje\b|\bmini frascos travel\b|\bidentificador de maletas\b|\btravel lock\b|\bcobija\b|\bmanta de viaje\b|\bset de bano\b|\bset de botellas de viaje\b
set-travel-lock-13274,Set Travel Lock,true,hogar,\bcandado\b|\bportarretrato\b|\bjoyero\b|\balcancia\b|\bcosturero\b|\bset de viaje\b|\bmini frascos travel\b|\bidentificador de maletas\b|\btravel lock\b|\bcobija\b|\bmanta de viaje\b|\bset de bano\b|\bset de botellas de viaje\b
pito-5-1-nuevo-13304,Pito 5 - 1 Nuevo,true,deportes,\bpito\b
set-midas-13336,Set Midas,true,REQUIRES_REVIEW,
morral-backpack-circuit-urban-travel-13341,Morral Backpack Circuit Urban Travel,true,mochilas-y-maletines-personalizados,\bmorral\b|\bbackpack\b|\bbolsa\b|\bsporty bag\b|\bmaletin\b|\bcosmetiquera\b|\bportadocumentos\b
morral-backpack-quasar-urban-travel-13342,Morral Backpack Quasar Urban Travel,true,mochilas-y-maletines-personalizados,\bmorral\b|\bbackpack\b|\bbolsa\b|\bsporty bag\b|\bmaletin\b|\bcosmetiquera\b|\bportadocumentos\b
libreta-klivor-13305,Libreta Klivor,true,articulos-de-oficina-personalizados,\borganizador de escritorio\b|\borganizador multiusos\b|\bportaboligrafos\b|\bcalendario\b|\blibreta\b|\bsticky set\b|\bmemo pad\b|\btabla clip\b|\btabla anotadora\b|\bresaltador|\bborrador\b
ventilador-veltra-13301,Ventilador Veltra,true,hogar,\bset de cocina\b|\bportacomidas\b|\bcoge ollas\b|\bmolde para paletas\b|\bset de cubiertos\b|\bventilador\b
ventilador-skylon-13302,Ventilador Skylon,true,hogar,\bset de cocina\b|\bportacomidas\b|\bcoge ollas\b|\bmolde para paletas\b|\bset de cubiertos\b|\bventilador\b
morral-backpack-kazomi-13311,Morral Backpack Kazomi,true,mochilas-y-maletines-personalizados,\bmorral\b|\bbackpack\b|\bbolsa\b|\bsporty bag\b|\bmaletin\b|\bcosmetiquera\b|\bportadocumentos\b
libreta-inker-rpet-13241,Libreta Inker Rpet,true,articulos-de-oficina-personalizados,\borganizador de escritorio\b|\borganizador multiusos\b|\bportaboligrafos\b|\bcalendario\b|\blibreta\b|\bsticky set\b|\bmemo pad\b|\btabla clip\b|\btabla anotadora\b|\bresaltador|\bborrador\b
set-ecologico-demin-13278,Set Ecologico Demin,true,ecologia,\bset ecologico\b
set-ecologico-element-13279,Set Ecologico Element,true,ecologia,\bset ecologico\b
sticky-set-home-13281,Sticky Set Home,true,articulos-de-oficina-personalizados,\borganizador de escritorio\b|\borganizador multiusos\b|\bportaboligrafos\b|\bcalendario\b|\blibreta\b|\bsticky set\b|\bmemo pad\b|\btabla clip\b|\btabla anotadora\b|\bresaltador|\bborrador\b
sticky-set-con-regla-13282,Sticky Set Con Regla,true,articulos-de-oficina-personalizados,\borganizador de escritorio\b|\borganizador multiusos\b|\bportaboligrafos\b|\bcalendario\b|\blibreta\b|\bsticky set\b|\bmemo pad\b|\btabla clip\b|\btabla anotadora\b|\bresaltador|\bborrador\b
calculadora-con-tablero-13275,Calculadora Con Tablero,true,calculadoras,\bcalculadora\b
morral-backpack-omni-13268,Morral Backpack Omni,true,mochilas-y-maletines-personalizados,\bmorral\b|\bbackpack\b|\bbolsa\b|\bsporty bag\b|\bmaletin\b|\bcosmetiquera\b|\bportadocumentos\b
sticky-set-thunder-13265,Sticky Set Thunder,true,articulos-de-oficina-personalizados,\borganizador de escritorio\b|\borganizador multiusos\b|\bportaboligrafos\b|\bcalendario\b|\blibreta\b|\bsticky set\b|\bmemo pad\b|\btabla clip\b|\btabla anotadora\b|\bresaltador|\bborrador\b
silla-compact-flex-13251,Silla Compact Flex,true,REQUIRES_REVIEW,
tabla-clip-bamboo-13499,Tabla Clip Bamboo,true,articulos-de-oficina-personalizados,\borganizador de escritorio\b|\borganizador multiusos\b|\bportaboligrafos\b|\bcalendario\b|\blibreta\b|\bsticky set\b|\bmemo pad\b|\btabla clip\b|\btabla anotadora\b|\bresaltador|\bborrador\b
tabla-anotadora-box-nuevo-13486,Tabla Anotadora Box Nuevo,true,articulos-de-oficina-personalizados,\borganizador de escritorio\b|\borganizador multiusos\b|\bportaboligrafos\b|\bcalendario\b|\blibreta\b|\bsticky set\b|\bmemo pad\b|\btabla clip\b|\btabla anotadora\b|\bresaltador|\bborrador\b
memo-pad-milk-13504,Memo Pad Milk,true,articulos-de-oficina-personalizados,\borganizador de escritorio\b|\borganizador multiusos\b|\bportaboligrafos\b|\bcalendario\b|\blibreta\b|\bsticky set\b|\bmemo pad\b|\btabla clip\b|\btabla anotadora\b|\bresaltador|\bborrador\b
sticky-set-milk-13505,Sticky Set Milk,true,articulos-de-oficina-personalizados,\borganizador de escritorio\b|\borganizador multiusos\b|\bportaboligrafos\b|\bcalendario\b|\blibreta\b|\bsticky set\b|\bmemo pad\b|\btabla clip\b|\btabla anotadora\b|\bresaltador|\bborrador\b
sticky-set-oval-milk-13506,Sticky Set Oval Milk,true,articulos-de-oficina-personalizados,\borganizador de escritorio\b|\borganizador multiusos\b|\bportaboligrafos\b|\bcalendario\b|\blibreta\b|\bsticky set\b|\bmemo pad\b|\btabla clip\b|\btabla anotadora\b|\bresaltador|\bborrador\b
cordon-para-portacelular-bamboo-eco-13507,Cordon Para Portacelular Bamboo Eco,true,tecnologia-promocional,\bspeaker\b|\baudifono|\bcargador inalambrico\b|\bmulticargador\b|\bpuerto usb\b|\bmouse\b|\brastreador\b|\bproyector\b|\bpila recargable\b|\bpowerbank\b|\bsoporte para (movil|celular)\b|\bportacelular\b|\bfunda para mouse\b|\bclip magnetico\b|\bcordon.*portacelular\b|\bcable tipo c\b
camion-antiestres-13492,Camion Antiestres,true,antiestres,\bantiestres\b|\bpop it\b
portaboligrafos-en-bamboo-360-13442,Portaboligrafos en Bamboo 360,true,articulos-de-oficina-personalizados,\borganizador de escritorio\b|\borganizador multiusos\b|\bportaboligrafos\b|\bcalendario\b|\blibreta\b|\bsticky set\b|\bmemo pad\b|\btabla clip\b|\btabla anotadora\b|\bresaltador|\bborrador\b
calendario-perpetuo-pad-bamboo-13443,Calendario Perpetuo Pad Bamboo,true,articulos-de-oficina-personalizados,\borganizador de escritorio\b|\borganizador multiusos\b|\bportaboligrafos\b|\bcalendario\b|\blibreta\b|\bsticky set\b|\bmemo pad\b|\btabla clip\b|\btabla anotadora\b|\bresaltador|\bborrador\b
sticky-set-micron-13445,Sticky Set Micron,true,articulos-de-oficina-personalizados,\borganizador de escritorio\b|\borganizador multiusos\b|\bportaboligrafos\b|\bcalendario\b|\blibreta\b|\bsticky set\b|\bmemo pad\b|\btabla clip\b|\btabla anotadora\b|\bresaltador|\bborrador\b
mini-set-goblet-eco-13446,Mini Set Goblet Eco,true,REQUIRES_REVIEW,
morral-backpack-luno-master-ocean-13457,Morral Backpack Luno Master Ocean,true,mochilas-y-maletines-personalizados,\bmorral\b|\bbackpack\b|\bbolsa\b|\bsporty bag\b|\bmaletin\b|\bcosmetiquera\b|\bportadocumentos\b
libreta-astralis-cork-13469,Libreta Astralis Cork,true,articulos-de-oficina-personalizados,\borganizador de escritorio\b|\borganizador multiusos\b|\bportaboligrafos\b|\bcalendario\b|\blibreta\b|\bsticky set\b|\bmemo pad\b|\btabla clip\b|\btabla anotadora\b|\bresaltador|\bborrador\b
joyero-krono-13431,Joyero Krono,true,hogar,\bcandado\b|\bportarretrato\b|\bjoyero\b|\balcancia\b|\bcosturero\b|\bset de viaje\b|\bmini frascos travel\b|\bidentificador de maletas\b|\btravel lock\b|\bcobija\b|\bmanta de viaje\b|\bset de bano\b|\bset de botellas de viaje\b
set-jorka-urban-business-13425,Set Jorka Urban Business,true,REQUIRES_REVIEW,
set-bantik-urban-business-13426,Set Bantik Urban Business,true,REQUIRES_REVIEW,
organizador-de-escritorio-bamboo-13415,Organizador de Escritorio Bamboo,true,articulos-de-oficina-personalizados,\borganizador de escritorio\b|\borganizador multiusos\b|\bportaboligrafos\b|\bcalendario\b|\blibreta\b|\bsticky set\b|\bmemo pad\b|\btabla clip\b|\btabla anotadora\b|\bresaltador|\bborrador\b
repelente-de-insectos-13412,Repelente de Insectos,true,cuidado-personal,\bcepillo de dientes\b|\bcepillo exfoliante\b|\bmanicure\b|\bmaquillaje\b|\bespejo\b|\bset de brochas\b|\btoalla\b|\brepelente\b|\bmasajeador\b
morral-backpack-swiss-peak-buzz-13398,Morral Backpack Swiss Peak Buzz,true,mochilas-y-maletines-personalizados,\bmorral\b|\bbackpack\b|\bbolsa\b|\bsporty bag\b|\bmaletin\b|\bcosmetiquera\b|\bportadocumentos\b
morral-backpack-krum-13399,Morral Backpack Krum,true,mochilas-y-maletines-personalizados,\bmorral\b|\bbackpack\b|\bbolsa\b|\bsporty bag\b|\bmaletin\b|\bcosmetiquera\b|\bportadocumentos\b
cobija-manta-de-viaje-travel-produccion-nacional-13528,Cobija / Manta de Viaje Travel - Producción Nacional,true,hogar,\bcandado\b|\bportarretrato\b|\bjoyero\b|\balcancia\b|\bcosturero\b|\bset de viaje\b|\bmini frascos travel\b|\bidentificador de maletas\b|\btravel lock\b|\bcobija\b|\bmanta de viaje\b|\bset de bano\b|\bset de botellas de viaje\b
organizador-de-escritorio-crunch-produccion-nacional-13529,Organizador de Escritorio Crunch - Producción Nacional,true,articulos-de-oficina-personalizados,\borganizador de escritorio\b|\borganizador multiusos\b|\bportaboligrafos\b|\bcalendario\b|\blibreta\b|\bsticky set\b|\bmemo pad\b|\btabla clip\b|\btabla anotadora\b|\bresaltador|\bborrador\b
bolsa-en-yute-mirka-13526,Bolsa en Yute Mirka,true,mochilas-y-maletines-personalizados,\bmorral\b|\bbackpack\b|\bbolsa\b|\bsporty bag\b|\bmaletin\b|\bcosmetiquera\b|\bportadocumentos\b
nevera-cooler-glidex-13361,Nevera Cooler Glidex,true,hogar,\bnevera\b|\bcooler\b
morral-backpack-metrix-13375,Morral Backpack Metrix,true,mochilas-y-maletines-personalizados,\bmorral\b|\bbackpack\b|\bbolsa\b|\bsporty bag\b|\bmaletin\b|\bcosmetiquera\b|\bportadocumentos\b
nevera-cooler-kael-13376,Nevera Cooler Kael,true,hogar,\bnevera\b|\bcooler\b
bolsa-organizador-glinter-13428,Bolsa Organizador Glinter,true,mochilas-y-maletines-personalizados,\bmorral\b|\bbackpack\b|\bbolsa\b|\bsporty bag\b|\bmaletin\b|\bcosmetiquera\b|\bportadocumentos\b
morral-backpack-templi-13424,Morral Backpack Templi,true,mochilas-y-maletines-personalizados,\bmorral\b|\bbackpack\b|\bbolsa\b|\bsporty bag\b|\bmaletin\b|\bcosmetiquera\b|\bportadocumentos\b
organizador-womp-master-ocean-13458,Organizador Womp Master Ocean,true,REQUIRES_REVIEW,
estuche-sencillo-magnetic-13447,Estuche Sencillo Magnetic,true,REQUIRES_REVIEW,
estuche-doble-magnetic-13448,Estuche Doble Magnetic,true,REQUIRES_REVIEW,
maletin-en-cambrel-13509,Maletin en Cambrel,true,mochilas-y-maletines-personalizados,\bmorral\b|\bbackpack\b|\bbolsa\b|\bsporty bag\b|\bmaletin\b|\bcosmetiquera\b|\bportadocumentos\b
bolsa-ember-13503,Bolsa Ember,true,mochilas-y-maletines-personalizados,\bmorral\b|\bbackpack\b|\bbolsa\b|\bsporty bag\b|\bmaletin\b|\bcosmetiquera\b|\bportadocumentos\b
organizador-dalia-13252,Organizador Dalia,true,REQUIRES_REVIEW,
morral-backpack-galko-13254,Morral Backpack Galko,true,mochilas-y-maletines-personalizados,\bmorral\b|\bbackpack\b|\bbolsa\b|\bsporty bag\b|\bmaletin\b|\bcosmetiquera\b|\bportadocumentos\b
bolsa-en-cambrel-clento-13255,Bolsa en Cambrel Clento,true,mochilas-y-maletines-personalizados,\bmorral\b|\bbackpack\b|\bbolsa\b|\bsporty bag\b|\bmaletin\b|\bcosmetiquera\b|\bportadocumentos\b
bolsa-en-cambrel-vest-13256,Bolsa en Cambrel Vest,true,mochilas-y-maletines-personalizados,\bmorral\b|\bbackpack\b|\bbolsa\b|\bsporty bag\b|\bmaletin\b|\bcosmetiquera\b|\bportadocumentos\b
set-de-resaltadores-heart-13260,Set de Resaltadores Heart,true,articulos-de-oficina-personalizados,\borganizador de escritorio\b|\borganizador multiusos\b|\bportaboligrafos\b|\bcalendario\b|\blibreta\b|\bsticky set\b|\bmemo pad\b|\btabla clip\b|\btabla anotadora\b|\bresaltador|\bborrador\b
set-de-resaltadores-square-13261,Set de Resaltadores Square,true,articulos-de-oficina-personalizados,\borganizador de escritorio\b|\borganizador multiusos\b|\bportaboligrafos\b|\bcalendario\b|\blibreta\b|\bsticky set\b|\bmemo pad\b|\btabla clip\b|\btabla anotadora\b|\bresaltador|\bborrador\b
morral-backpack-zylos-13266,Morral Backpack Zylos,true,mochilas-y-maletines-personalizados,\bmorral\b|\bbackpack\b|\bbolsa\b|\bsporty bag\b|\bmaletin\b|\bcosmetiquera\b|\bportadocumentos\b
nevera-cooler-cassian-13267,Nevera Cooler Cassian,true,hogar,\bnevera\b|\bcooler\b
nevera-cooler-dapper-13269,Nevera Cooler Dapper,true,hogar,\bnevera\b|\bcooler\b
nevera-cooler-champ-13229,Nevera Cooler Champ,true,hogar,\bnevera\b|\bcooler\b
portadocumentos-de-viaje-y-de-cables-lumen-13230,Portadocumentos de Viaje y de Cables Lumen,true,mochilas-y-maletines-personalizados,\bmorral\b|\bbackpack\b|\bbolsa\b|\bsporty bag\b|\bmaletin\b|\bcosmetiquera\b|\bportadocumentos\b
cosmetiquera-kovina-13231,Cosmetiquera Kovina,true,mochilas-y-maletines-personalizados,\bmorral\b|\bbackpack\b|\bbolsa\b|\bsporty bag\b|\bmaletin\b|\bcosmetiquera\b|\bportadocumentos\b
organizador-liloz-13240,Organizador Liloz,true,REQUIRES_REVIEW,
set-de-resaltadores-luban-13221,Set de Resaltadores Luban,true,articulos-de-oficina-personalizados,\borganizador de escritorio\b|\borganizador multiusos\b|\bportaboligrafos\b|\bcalendario\b|\blibreta\b|\bsticky set\b|\bmemo pad\b|\btabla clip\b|\btabla anotadora\b|\bresaltador|\bborrador\b
morral-backpack-radeon-13209,Morral Backpack Radeon,true,mochilas-y-maletines-personalizados,\bmorral\b|\bbackpack\b|\bbolsa\b|\bsporty bag\b|\bmaletin\b|\bcosmetiquera\b|\bportadocumentos\b
nevera-cooler-fluent-13289,Nevera Cooler Fluent,true,hogar,\bnevera\b|\bcooler\b
nevera-cooler-midas-13290,Nevera Cooler Midas,true,hogar,\bnevera\b|\bcooler\b
organizador-kappa-urban-travel-13343,Organizador Kappa Urban Travel,true,REQUIRES_REVIEW,
boligrafo-dash-solido-13344,Boligrafo Dash Solido,true,boligrafos-publicitarios,\bboligrafos?\b|\broller\b|\bportaminas\b
boligrafo-dash-frost-13345,Boligrafo Dash Frost,true,boligrafos-publicitarios,\bboligrafos?\b|\broller\b|\bportaminas\b
boligrafo-summit-metal-13346,Boligrafo Summit Metal,true,boligrafos-publicitarios,\bboligrafos?\b|\broller\b|\bportaminas\b
boligrafo-swift-eco-13347,Boligrafo Swift Eco,true,boligrafos-publicitarios,\bboligrafos?\b|\broller\b|\bportaminas\b
boligrafo-allegro-13355,Bolígrafo Allegro,true,boligrafos-publicitarios,\bboligrafos?\b|\broller\b|\bportaminas\b
boligrafo-clasp-borrable-13356,Bolígrafo Clasp Borrable,true,boligrafos-publicitarios,\bboligrafos?\b|\broller\b|\bportaminas\b
set-de-boligrafos-emblem-13357,Set de Bolígrafos Emblem,true,boligrafos-publicitarios,\bboligrafos?\b|\broller\b|\bportaminas\b
boligrafo-helix-bamboo-13358,Bolígrafo Helix Bamboo,true,boligrafos-publicitarios,\bboligrafos?\b|\broller\b|\bportaminas\b
boligrafo-nest-13359,Bolígrafo Nest,true,boligrafos-publicitarios,\bboligrafos?\b|\broller\b|\bportaminas\b
boligrafo-nest-eco-13360,Bolígrafo Nest Eco,true,boligrafos-publicitarios,\bboligrafos?\b|\broller\b|\bportaminas\b
roller-nimbus-13309,Roller Nimbus,true,boligrafos-publicitarios,\bboligrafos?\b|\broller\b|\bportaminas\b
boligrafo-lynx-solido-13312,Boligrafo Lynx Solido,true,boligrafos-publicitarios,\bboligrafos?\b|\broller\b|\bportaminas\b
boligrafo-lynx-frost-13307,Boligrafo Lynx Frost,true,boligrafos-publicitarios,\bboligrafos?\b|\broller\b|\bportaminas\b
boligrafo-rompecabezas-13295,Boligrafo Rompecabezas,true,boligrafos-publicitarios,\bboligrafos?\b|\broller\b|\bportaminas\b
boligrafo-grasp-13286,Boligrafo Grasp,true,boligrafos-publicitarios,\bboligrafos?\b|\broller\b|\bportaminas\b
boligrafo-x-tool-6-en-1-13288,Boligrafo X-tool 6 en 1,true,boligrafos-publicitarios,\bboligrafos?\b|\broller\b|\bportaminas\b
boligrafo-vinnie-pastel-13214,Boligrafo Vinnie Pastel,true,boligrafos-publicitarios,\bboligrafos?\b|\broller\b|\bportaminas\b
boligrafo-summit-metal-cork-13215,Boligrafo Summit Metal Cork,true,boligrafos-publicitarios,\bboligrafos?\b|\broller\b|\bportaminas\b
boligrafo-glimmer-13216,Boligrafo Glimmer,true,boligrafos-publicitarios,\bboligrafos?\b|\broller\b|\bportaminas\b
boligrafo-mystic-13220,Boligrafo Mystic,true,boligrafos-publicitarios,\bboligrafos?\b|\broller\b|\bportaminas\b
set-jolt-13271,Set Jolt,true,REQUIRES_REVIEW,
boligrafo-shimmer-13263,Bolígrafo Shimmer,true,boligrafos-publicitarios,\bboligrafos?\b|\broller\b|\bportaminas\b
roller-shimmer-13264,Roller Shimmer,true,boligrafos-publicitarios,\bboligrafos?\b|\broller\b|\bportaminas\b
set-de-boligrafos-vector-13465,Set de Bolígrafos Vector,true,boligrafos-publicitarios,\bboligrafos?\b|\broller\b|\bportaminas\b
estuche-black-carton-13449,Estuche Black Carton,true,REQUIRES_REVIEW,
vector-roller-13461,Vector Roller,true,boligrafos-publicitarios,\bboligrafos?\b|\broller\b|\bportaminas\b
boligrafo-cork-stand-13462,Bolígrafo Cork Stand,true,boligrafos-publicitarios,\bboligrafos?\b|\broller\b|\bportaminas\b
boligrafo-blink-13438,Boligrafo Blink,true,boligrafos-publicitarios,\bboligrafos?\b|\broller\b|\bportaminas\b
boligrafo-delphi-13439,Boligrafo Delphi,true,boligrafos-publicitarios,\bboligrafos?\b|\broller\b|\bportaminas\b
boligrafo-roller-delphi-13440,Boligrafo Roller Delphi,true,boligrafos-publicitarios,\bboligrafos?\b|\broller\b|\bportaminas\b
boligrafo-vinnie-grip-13441,Boligrafo Vinnie Grip,true,boligrafos-publicitarios,\bboligrafos?\b|\broller\b|\bportaminas\b
set-de-boligrafo-y-portaminas-stanley-13416,Set de Bolígrafo y Portaminas Stanley,true,boligrafos-publicitarios,\bboligrafos?\b|\broller\b|\bportaminas\b
boligrafo-artisan-13417,Bolígrafo Artisan,true,boligrafos-publicitarios,\bboligrafos?\b|\broller\b|\bportaminas\b
boligrafo-avert-13418,Bolígrafo Avert,true,boligrafos-publicitarios,\bboligrafos?\b|\broller\b|\bportaminas\b
boligrafo-ventura-13349,Boligrafo Ventura,true,boligrafos-publicitarios,\bboligrafos?\b|\broller\b|\bportaminas\b
set-de-boligrafos-baltimore-vinga-eco-13400,Set de Boligrafos Baltimore Vinga Eco,true,boligrafos-publicitarios,\bboligrafos?\b|\broller\b|\bportaminas\b
organizador-multiusos-monet-produccion-nacional-13403,Organizador Multiusos Monet - Producción Nacional,true,articulos-de-oficina-personalizados,\borganizador de escritorio\b|\borganizador multiusos\b|\bportaboligrafos\b|\bcalendario\b|\blibreta\b|\bsticky set\b|\bmemo pad\b|\btabla clip\b|\btabla anotadora\b|\bresaltador|\bborrador\b
mug-shaker-nyro-600ml-13248,Mug Shaker Nyro 600ml,true,mugs-y-termos-personalizados,\bmugs?\b|\btermos?\b|\bcafetera\b
boligrafo-abanico-13293,Boligrafo Abanico,true,boligrafos-publicitarios,\bboligrafos?\b|\broller\b|\bportaminas\b
rastreador-airtag-seek-13203,Rastreador Airtag Seek,true,tecnologia-promocional,\bspeaker\b|\baudifono|\bcargador inalambrico\b|\bmulticargador\b|\bpuerto usb\b|\bmouse\b|\brastreador\b|\bproyector\b|\bpila recargable\b|\bpowerbank\b|\bsoporte para (movil|celular)\b|\bportacelular\b|\bfunda para mouse\b|\bclip magnetico\b|\bcordon.*portacelular\b|\bcable tipo c\b
rastreador-airtag-vibe-13204,Rastreador Airtag Vibe,true,tecnologia-promocional,\bspeaker\b|\baudifono|\bcargador inalambrico\b|\bmulticargador\b|\bpuerto usb\b|\bmouse\b|\brastreador\b|\bproyector\b|\bpila recargable\b|\bpowerbank\b|\bsoporte para (movil|celular)\b|\bportacelular\b|\bfunda para mouse\b|\bclip magnetico\b|\bcordon.*portacelular\b|\bcable tipo c\b
boligrafo-vinnie-13386,Boligrafo Vinnie,true,boligrafos-publicitarios,\bboligrafos?\b|\broller\b|\bportaminas\b
alcancia-piggy-max-13495,Alcancia Piggy Max,true,hogar,\bcandado\b|\bportarretrato\b|\bjoyero\b|\balcancia\b|\bcosturero\b|\bset de viaje\b|\bmini frascos travel\b|\bidentificador de maletas\b|\btravel lock\b|\bcobija\b|\bmanta de viaje\b|\bset de bano\b|\bset de botellas de viaje\b
boligrafo-mini-dwell-13512,Boligrafo Mini Dwell,true,boligrafos-publicitarios,\bboligrafos?\b|\broller\b|\bportaminas\b
cobija-pillow-13501,Cobija Pillow,true,hogar,\bcandado\b|\bportarretrato\b|\bjoyero\b|\balcancia\b|\bcosturero\b|\bset de viaje\b|\bmini frascos travel\b|\bidentificador de maletas\b|\btravel lock\b|\bcobija\b|\bmanta de viaje\b|\bset de bano\b|\bset de botellas de viaje\b
sporty-bag-garda-rpet-13502,Sporty Bag Garda Rpet,true,mochilas-y-maletines-personalizados,\bmorral\b|\bbackpack\b|\bbolsa\b|\bsporty bag\b|\bmaletin\b|\bcosmetiquera\b|\bportadocumentos\b
bolsa-en-algodon-solara-240gr-13207,Bolsa en Algodón Solara (240gr),true,mochilas-y-maletines-personalizados,\bmorral\b|\bbackpack\b|\bbolsa\b|\bsporty bag\b|\bmaletin\b|\bcosmetiquera\b|\bportadocumentos\b
sporty-bag-en-algodon-zetta-100gr-13208,Sporty Bag en Algodón Zetta (100gr),true,mochilas-y-maletines-personalizados,\bmorral\b|\bbackpack\b|\bbolsa\b|\bsporty bag\b|\bmaletin\b|\bcosmetiquera\b|\bportadocumentos\b
boligrafo-ecopetite-13196,Bolígrafo Ecopetite,true,boligrafos-publicitarios,\bboligrafos?\b|\broller\b|\bportaminas\b
mug-metalico-star-350ml-13197,Mug Metálico Star 350ml,true,mugs-y-termos-personalizados,\bmugs?\b|\btermos?\b|\bcafetera\b
bolsa-en-cambrel-baxter-para-sublimacion-80gr-13198,Bolsa en Cambrel Baxter Para Sublimación (80gr),true,mochilas-y-maletines-personalizados,\bmorral\b|\bbackpack\b|\bbolsa\b|\bsporty bag\b|\bmaletin\b|\bcosmetiquera\b|\bportadocumentos\b
sporty-bag-en-cambrel-ewok-sublimacion-80gr-13199,Sporty Bag en Cambrel Ewok Sublimación (80gr),true,mochilas-y-maletines-personalizados,\bmorral\b|\bbackpack\b|\bbolsa\b|\bsporty bag\b|\bmaletin\b|\bcosmetiquera\b|\bportadocumentos\b
portarretrato-digital-frame-13206,Portarretrato Digital Frame,true,hogar,\bcandado\b|\bportarretrato\b|\bjoyero\b|\balcancia\b|\bcosturero\b|\bset de viaje\b|\bmini frascos travel\b|\bidentificador de maletas\b|\btravel lock\b|\bcobija\b|\bmanta de viaje\b|\bset de bano\b|\bset de botellas de viaje\b
mug-plastico-willow-350ml-13195,Mug Plástico Willow 350ml,true,mugs-y-termos-personalizados,\bmugs?\b|\btermos?\b|\bcafetera\b
boligrafo-crystal-2-1-13173,Boligrafo Crystal 2-1,true,boligrafos-publicitarios,\bboligrafos?\b|\broller\b|\bportaminas\b
boligrafo-big-bang-13175,Bolígrafo Big Bang,true,boligrafos-publicitarios,\bboligrafos?\b|\broller\b|\bportaminas\b
boligrafo-multi-metal-4-1-13176,Bolígrafo Multi Metal 4-1,true,boligrafos-publicitarios,\bboligrafos?\b|\broller\b|\bportaminas\b
cordon-portacelular-con-cables-chili-13177,Cordón Portacelular Con Cables Chili,true,tecnologia-promocional,\bspeaker\b|\baudifono|\bcargador inalambrico\b|\bmulticargador\b|\bpuerto usb\b|\bmouse\b|\brastreador\b|\bproyector\b|\bpila recargable\b|\bpowerbank\b|\bsoporte para (movil|celular)\b|\bportacelular\b|\bfunda para mouse\b|\bclip magnetico\b|\bcordon.*portacelular\b|\bcable tipo c\b
cafetera-en-vidrio-y-bambu-600ml-13181,Cafetera en Vidrio y Bambú 600ml,true,mugs-y-termos-personalizados,\bmugs?\b|\btermos?\b|\bcafetera\b
set-de-botellas-de-viaje-13184,Set de Botellas de Viaje,true,hogar,\bcandado\b|\bportarretrato\b|\bjoyero\b|\balcancia\b|\bcosturero\b|\bset de viaje\b|\bmini frascos travel\b|\bidentificador de maletas\b|\btravel lock\b|\bcobija\b|\bmanta de viaje\b|\bset de bano\b|\bset de botellas de viaje\b
set-de-bano-vanity-13186,Set de Baño Vanity,true,hogar,\bcandado\b|\bportarretrato\b|\bjoyero\b|\balcancia\b|\bcosturero\b|\bset de viaje\b|\bmini frascos travel\b|\bidentificador de maletas\b|\btravel lock\b|\bcobija\b|\bmanta de viaje\b|\bset de bano\b|\bset de botellas de viaje\b
mug-sparkle-296ml-13188,Mug Sparkle 296ml,true,mugs-y-termos-personalizados,\bmugs?\b|\btermos?\b|\bcafetera\b
mug-metalico-mini-chester-400-ml-13592,Mug Metálico Mini Chester 400 ml,true,mugs-y-termos-personalizados,\bmugs?\b|\btermos?\b|\bcafetera\b
borrador-school-ii-13604,Borrador School ii,true,articulos-de-oficina-personalizados,\borganizador de escritorio\b|\borganizador multiusos\b|\bportaboligrafos\b|\bcalendario\b|\blibreta\b|\bsticky set\b|\bmemo pad\b|\btabla clip\b|\btabla anotadora\b|\bresaltador|\bborrador\b
bolsa-en-algodon-ecotote-13596,Bolsa en Algodón Ecotote,true,mochilas-y-maletines-personalizados,\bmorral\b|\bbackpack\b|\bbolsa\b|\bsporty bag\b|\bmaletin\b|\bcosmetiquera\b|\bportadocumentos\b
bolsa-en-algodon-ecopack-13597,Bolsa en Algodón Ecopack,true,mochilas-y-maletines-personalizados,\bmorral\b|\bbackpack\b|\bbolsa\b|\bsporty bag\b|\bmaletin\b|\bcosmetiquera\b|\bportadocumentos\b
set-ml-383-ii-13606,Set Ml-383 ii,true,REQUIRES_REVIEW,
bolsa-en-algodon-vera-140gr-13614,Bolsa en Algodón Vera (140gr),true,mochilas-y-maletines-personalizados,\bmorral\b|\bbackpack\b|\bbolsa\b|\bsporty bag\b|\bmaletin\b|\bcosmetiquera\b|\bportadocumentos\b
bolsa-en-algodon-alva-100gr-13615,Bolsa en Algodón Alva (100gr),true,mochilas-y-maletines-personalizados,\bmorral\b|\bbackpack\b|\bbolsa\b|\bsporty bag\b|\bmaletin\b|\bcosmetiquera\b|\bportadocumentos\b
bolsa-en-algodon-nara-13616,Bolsa en Algodón Nara,true,mochilas-y-maletines-personalizados,\bmorral\b|\bbackpack\b|\bbolsa\b|\bsporty bag\b|\bmaletin\b|\bcosmetiquera\b|\bportadocumentos\b
sporty-bag-en-algodon-zetta-140gr-13617,Sporty Bag en Algodón Zetta (140gr),true,mochilas-y-maletines-personalizados,\bmorral\b|\bbackpack\b|\bbolsa\b|\bsporty bag\b|\bmaletin\b|\bcosmetiquera\b|\bportadocumentos\b
