url,type,internal_links_in,in_sitemap,notes
https://www.kronosolopromocionales.com/politica-de-privacidad/,legal,0,true,"Sin enlaces internos estáticos detectados por regex en menús/footer/home/listados — candidata real a huérfana, revisar manualmente"
https://www.kronosolopromocionales.com/parlantes-bluetooth/,commercial,0,true,"Sin enlaces internos estáticos detectados por regex en menús/footer/home/listados — candidata real a huérfana, revisar manualmente"
https://www.kronosolopromocionales.com/soportes-para-celular/,commercial,0,true,"Sin enlaces internos estáticos detectados por regex en menús/footer/home/listados — candidata real a huérfana, revisar manualmente"
https://www.kronosolopromocionales.com/categorias/reflectivos/,category,0,true,"Sin enlaces internos estáticos detectados por regex en menús/footer/home/listados — candidata real a huérfana, revisar manualmente"
https://www.kronosolopromocionales.com/categorias/automovil/,category,0,true,"Sin enlaces internos estáticos detectados por regex en menús/footer/home/listados — candidata real a huérfana, revisar manualmente"
https://www.kronosolopromocionales.com/categorias/bicicleta/,category,0,true,"Sin enlaces internos estáticos detectados por regex en menús/footer/home/listados — candidata real a huérfana, revisar manualmente"
https://www.kronosolopromocionales.com/categorias/calculadoras/,category,0,true,"Sin enlaces internos estáticos detectados por regex en menús/footer/home/listados — candidata real a huérfana, revisar manualmente"
https://www.kronosolopromocionales.com/categorias/golf/,category,0,true,"Sin enlaces internos estáticos detectados por regex en menús/footer/home/listados — candidata real a huérfana, revisar manualmente"
https://www.kronosolopromocionales.com/categorias/iluminacion/,category,0,true,"Sin enlaces internos estáticos detectados por regex en menús/footer/home/listados — candidata real a huérfana, revisar manualmente"
https://www.kronosolopromocionales.com/categorias/infantil/,category,0,true,"Sin enlaces internos estáticos detectados por regex en menús/footer/home/listados — candidata real a huérfana, revisar manualmente"
https://www.kronosolopromocionales.com/categorias/juegos/,category,0,true,"Sin enlaces internos estáticos detectados por regex en menús/footer/home/listados — candidata real a huérfana, revisar manualmente"
https://www.kronosolopromocionales.com/categorias/master-line/,category,0,true,"Sin enlaces internos estáticos detectados por regex en menús/footer/home/listados — candidata real a huérfana, revisar manualmente"
https://www.kronosolopromocionales.com/categorias/paraguas/,category,0,true,"Sin enlaces internos estáticos detectados por regex en menús/footer/home/listados — candidata real a huérfana, revisar manualmente"
https://www.kronosolopromocionales.com/categorias/cuidado-personal/,category,0,true,"Sin enlaces internos estáticos detectados por regex en menús/footer/home/listados — candidata real a huérfana, revisar manualmente"
https://www.kronosolopromocionales.com/categorias/produccion-nacional/,category,0,true,"Sin enlaces internos estáticos detectados por regex en menús/footer/home/listados — candidata real a huérfana, revisar manualmente"
https://www.kronosolopromocionales.com/categorias/vasos-personalizados/,category,0,true,"Sin enlaces internos estáticos detectados por regex en menús/footer/home/listados — candidata real a huérfana, revisar manualmente"
https://www.kronosolopromocionales.com/categorias/termos-personalizados/,category,0,true,"Sin enlaces internos estáticos detectados por regex en menús/footer/home/listados — candidata real a huérfana, revisar manualmente"
https://www.kronosolopromocionales.com/categorias/tomatodos-y-botilitos-personalizados/,category,0,true,"Sin enlaces internos estáticos detectados por regex en menús/footer/home/listados — candidata real a huérfana, revisar manualmente"
https://www.kronosolopromocionales.com/productos-promocionales-ecuador/quito/,city,0,true,"Sin enlaces internos estáticos detectados por regex en menús/footer/home/listados — candidata real a huérfana, revisar manualmente"
https://www.kronosolopromocionales.com/productos-promocionales-ecuador/guayaquil/,city,0,true,"Sin enlaces internos estáticos detectados por regex en menús/footer/home/listados — candidata real a huérfana, revisar manualmente"
https://www.kronosolopromocionales.com/productos-promocionales-ecuador/cuenca/,city,0,true,"Sin enlaces internos estáticos detectados por regex en menús/footer/home/listados — candidata real a huérfana, revisar manualmente"
https://www.kronosolopromocionales.com/productos-promocionales-ecuador/manta/,city,0,true,"Sin enlaces internos estáticos detectados por regex en menús/footer/home/listados — candidata real a huérfana, revisar manualmente"
https://www.kronosolopromocionales.com/productos-promocionales-ecuador/ambato/,city,0,true,"Sin enlaces internos estáticos detectados por regex en menús/footer/home/listados — candidata real a huérfana, revisar manualmente"
